"","DateTime","Date","Year","Month","Day","HourMin","Hour","NumCrimes"
"1",2023-04-05 01:37:48,"2023-04-05","2023","April","05","01:37","01",2
"2",2023-04-05 00:50:09,"2023-04-05","2023","April","05","00:50","00",2
"3",2023-04-04 20:03:45,"2023-04-04","2023","April","04","20:03","20",6
"4",2023-04-04 19:47:21,"2023-04-04","2023","April","04","19:47","19",6
"5",2023-04-04 19:26:39,"2023-04-04","2023","April","04","19:26","19",6
"6",2023-04-04 14:08:04,"2023-04-04","2023","April","04","14:08","14",6
"7",2023-04-04 05:39:11,"2023-04-04","2023","April","04","05:39","05",6
"8",2023-04-04 04:21:14,"2023-04-04","2023","April","04","04:21","04",6
"9",2023-04-03 22:34:21,"2023-04-03","2023","April","03","22:34","22",8
"10",2023-04-03 19:54:41,"2023-04-03","2023","April","03","19:54","19",8
"11",2023-04-03 16:20:00,"2023-04-03","2023","April","03","16:20","16",8
"12",2023-04-03 14:20:43,"2023-04-03","2023","April","03","14:20","14",8
"13",2023-04-03 13:10:22,"2023-04-03","2023","April","03","13:10","13",8
"14",2023-04-03 11:00:02,"2023-04-03","2023","April","03","11:00","11",8
"15",2023-04-03 04:31:25,"2023-04-03","2023","April","03","04:31","04",8
"16",2023-04-03 00:23:16,"2023-04-03","2023","April","03","00:23","00",8
"17",2023-04-02 22:44:02,"2023-04-02","2023","April","02","22:44","22",10
"18",2023-04-02 21:09:10,"2023-04-02","2023","April","02","21:09","21",10
"19",2023-04-02 17:03:03,"2023-04-02","2023","April","02","17:03","17",10
"20",2023-04-02 16:39:15,"2023-04-02","2023","April","02","16:39","16",10
"21",2023-04-02 13:49:53,"2023-04-02","2023","April","02","13:49","13",10
"22",2023-04-02 07:22:49,"2023-04-02","2023","April","02","07:22","07",10
"23",2023-04-02 05:00:04,"2023-04-02","2023","April","02","05:00","05",10
"24",2023-04-02 04:59:41,"2023-04-02","2023","April","02","04:59","04",10
"25",2023-04-02 04:50:06,"2023-04-02","2023","April","02","04:50","04",10
"26",2023-04-02 04:04:18,"2023-04-02","2023","April","02","04:04","04",10
"27",2023-04-01 21:37:11,"2023-04-01","2023","April","01","21:37","21",16
"28",2023-04-01 21:28:42,"2023-04-01","2023","April","01","21:28","21",16
"29",2023-04-01 20:57:05,"2023-04-01","2023","April","01","20:57","20",16
"30",2023-04-01 20:51:53,"2023-04-01","2023","April","01","20:51","20",16
"31",2023-04-01 20:04:44,"2023-04-01","2023","April","01","20:04","20",16
"32",2023-04-01 19:55:12,"2023-04-01","2023","April","01","19:55","19",16
"33",2023-04-01 19:42:44,"2023-04-01","2023","April","01","19:42","19",16
"34",2023-04-01 19:10:28,"2023-04-01","2023","April","01","19:10","19",16
"35",2023-04-01 18:27:10,"2023-04-01","2023","April","01","18:27","18",16
"36",2023-04-01 16:18:36,"2023-04-01","2023","April","01","16:18","16",16
"37",2023-04-01 15:46:56,"2023-04-01","2023","April","01","15:46","15",16
"38",2023-04-01 13:03:32,"2023-04-01","2023","April","01","13:03","13",16
"39",2023-04-01 12:41:31,"2023-04-01","2023","April","01","12:41","12",16
"40",2023-04-01 02:38:49,"2023-04-01","2023","April","01","02:38","02",16
"41",2023-04-01 01:46:42,"2023-04-01","2023","April","01","01:46","01",16
"42",2023-04-01 00:00:55,"2023-04-01","2023","April","01","00:00","00",16
"43",2023-03-31 21:54:09,"2023-03-31","2023","March","31","21:54","21",16
"44",2023-03-31 21:48:58,"2023-03-31","2023","March","31","21:48","21",16
"45",2023-03-31 21:17:01,"2023-03-31","2023","March","31","21:17","21",16
"46",2023-03-31 20:57:10,"2023-03-31","2023","March","31","20:57","20",16
"47",2023-03-31 19:57:38,"2023-03-31","2023","March","31","19:57","19",16
"48",2023-03-31 18:10:42,"2023-03-31","2023","March","31","18:10","18",16
"49",2023-03-31 17:19:39,"2023-03-31","2023","March","31","17:19","17",16
"50",2023-03-31 16:16:59,"2023-03-31","2023","March","31","16:16","16",16
"51",2023-03-31 15:07:59,"2023-03-31","2023","March","31","15:07","15",16
"52",2023-03-31 14:00:44,"2023-03-31","2023","March","31","14:00","14",16
"53",2023-03-31 12:03:59,"2023-03-31","2023","March","31","12:03","12",16
"54",2023-03-31 07:24:00,"2023-03-31","2023","March","31","07:24","07",16
"55",2023-03-31 02:45:33,"2023-03-31","2023","March","31","02:45","02",16
"56",2023-03-31 02:14:14,"2023-03-31","2023","March","31","02:14","02",16
"57",2023-03-31 01:30:13,"2023-03-31","2023","March","31","01:30","01",16
"58",2023-03-31 01:17:39,"2023-03-31","2023","March","31","01:17","01",16
"59",2023-03-30 23:46:53,"2023-03-30","2023","March","30","23:46","23",18
"60",2023-03-30 23:37:59,"2023-03-30","2023","March","30","23:37","23",18
"61",2023-03-30 21:36:37,"2023-03-30","2023","March","30","21:36","21",18
"62",2023-03-30 19:38:16,"2023-03-30","2023","March","30","19:38","19",18
"63",2023-03-30 16:38:53,"2023-03-30","2023","March","30","16:38","16",18
"64",2023-03-30 16:23:14,"2023-03-30","2023","March","30","16:23","16",18
"65",2023-03-30 15:12:48,"2023-03-30","2023","March","30","15:12","15",18
"66",2023-03-30 15:07:10,"2023-03-30","2023","March","30","15:07","15",18
"67",2023-03-30 14:47:17,"2023-03-30","2023","March","30","14:47","14",18
"68",2023-03-30 14:13:05,"2023-03-30","2023","March","30","14:13","14",18
"69",2023-03-30 14:01:20,"2023-03-30","2023","March","30","14:01","14",18
"70",2023-03-30 09:06:26,"2023-03-30","2023","March","30","09:06","09",18
"71",2023-03-30 05:03:58,"2023-03-30","2023","March","30","05:03","05",18
"72",2023-03-30 05:03:18,"2023-03-30","2023","March","30","05:03","05",18
"73",2023-03-30 05:02:10,"2023-03-30","2023","March","30","05:02","05",18
"74",2023-03-30 03:02:34,"2023-03-30","2023","March","30","03:02","03",18
"75",2023-03-30 01:31:52,"2023-03-30","2023","March","30","01:31","01",18
"76",2023-03-30 00:26:27,"2023-03-30","2023","March","30","00:26","00",18
"77",2023-03-29 20:22:14,"2023-03-29","2023","March","29","20:22","20",13
"78",2023-03-29 19:46:16,"2023-03-29","2023","March","29","19:46","19",13
"79",2023-03-29 19:34:22,"2023-03-29","2023","March","29","19:34","19",13
"80",2023-03-29 18:10:59,"2023-03-29","2023","March","29","18:10","18",13
"81",2023-03-29 17:08:07,"2023-03-29","2023","March","29","17:08","17",13
"82",2023-03-29 16:02:58,"2023-03-29","2023","March","29","16:02","16",13
"83",2023-03-29 16:01:12,"2023-03-29","2023","March","29","16:01","16",13
"84",2023-03-29 15:08:55,"2023-03-29","2023","March","29","15:08","15",13
"85",2023-03-29 06:20:14,"2023-03-29","2023","March","29","06:20","06",13
"86",2023-03-29 04:51:13,"2023-03-29","2023","March","29","04:51","04",13
"87",2023-03-29 03:30:07,"2023-03-29","2023","March","29","03:30","03",13
"88",2023-03-29 01:45:42,"2023-03-29","2023","March","29","01:45","01",13
"89",2023-03-29 00:03:00,"2023-03-29","2023","March","29","00:03","00",13
"90",2023-03-28 23:51:00,"2023-03-28","2023","March","28","23:51","23",14
"91",2023-03-28 23:24:20,"2023-03-28","2023","March","28","23:24","23",14
"92",2023-03-28 22:15:55,"2023-03-28","2023","March","28","22:15","22",14
"93",2023-03-28 21:47:36,"2023-03-28","2023","March","28","21:47","21",14
"94",2023-03-28 17:17:26,"2023-03-28","2023","March","28","17:17","17",14
"95",2023-03-28 17:11:45,"2023-03-28","2023","March","28","17:11","17",14
"96",2023-03-28 15:39:30,"2023-03-28","2023","March","28","15:39","15",14
"97",2023-03-28 15:36:43,"2023-03-28","2023","March","28","15:36","15",14
"98",2023-03-28 15:17:14,"2023-03-28","2023","March","28","15:17","15",14
"99",2023-03-28 13:12:38,"2023-03-28","2023","March","28","13:12","13",14
"100",2023-03-28 04:43:09,"2023-03-28","2023","March","28","04:43","04",14
"101",2023-03-28 02:49:44,"2023-03-28","2023","March","28","02:49","02",14
"102",2023-03-28 01:33:44,"2023-03-28","2023","March","28","01:33","01",14
"103",2023-03-28 01:33:44,"2023-03-28","2023","March","28","01:33","01",14
"104",2023-03-27 22:23:53,"2023-03-27","2023","March","27","22:23","22",21
"105",2023-03-27 22:17:31,"2023-03-27","2023","March","27","22:17","22",21
"106",2023-03-27 21:35:39,"2023-03-27","2023","March","27","21:35","21",21
"107",2023-03-27 20:06:25,"2023-03-27","2023","March","27","20:06","20",21
"108",2023-03-27 20:05:54,"2023-03-27","2023","March","27","20:05","20",21
"109",2023-03-27 18:42:05,"2023-03-27","2023","March","27","18:42","18",21
"110",2023-03-27 18:35:02,"2023-03-27","2023","March","27","18:35","18",21
"111",2023-03-27 18:02:54,"2023-03-27","2023","March","27","18:02","18",21
"112",2023-03-27 16:32:08,"2023-03-27","2023","March","27","16:32","16",21
"113",2023-03-27 16:23:21,"2023-03-27","2023","March","27","16:23","16",21
"114",2023-03-27 15:52:19,"2023-03-27","2023","March","27","15:52","15",21
"115",2023-03-27 15:41:39,"2023-03-27","2023","March","27","15:41","15",21
"116",2023-03-27 15:00:22,"2023-03-27","2023","March","27","15:00","15",21
"117",2023-03-27 14:26:28,"2023-03-27","2023","March","27","14:26","14",21
"118",2023-03-27 13:38:28,"2023-03-27","2023","March","27","13:38","13",21
"119",2023-03-27 06:04:08,"2023-03-27","2023","March","27","06:04","06",21
"120",2023-03-27 03:37:59,"2023-03-27","2023","March","27","03:37","03",21
"121",2023-03-27 02:47:47,"2023-03-27","2023","March","27","02:47","02",21
"122",2023-03-27 01:35:41,"2023-03-27","2023","March","27","01:35","01",21
"123",2023-03-27 00:27:06,"2023-03-27","2023","March","27","00:27","00",21
"124",2023-03-27 00:21:11,"2023-03-27","2023","March","27","00:21","00",21
"125",2023-03-26 23:49:57,"2023-03-26","2023","March","26","23:49","23",13
"126",2023-03-26 23:32:47,"2023-03-26","2023","March","26","23:32","23",13
"127",2023-03-26 23:20:15,"2023-03-26","2023","March","26","23:20","23",13
"128",2023-03-26 19:21:04,"2023-03-26","2023","March","26","19:21","19",13
"129",2023-03-26 17:37:40,"2023-03-26","2023","March","26","17:37","17",13
"130",2023-03-26 16:39:21,"2023-03-26","2023","March","26","16:39","16",13
"131",2023-03-26 16:34:19,"2023-03-26","2023","March","26","16:34","16",13
"132",2023-03-26 15:04:48,"2023-03-26","2023","March","26","15:04","15",13
"133",2023-03-26 13:18:05,"2023-03-26","2023","March","26","13:18","13",13
"134",2023-03-26 08:40:18,"2023-03-26","2023","March","26","08:40","08",13
"135",2023-03-26 04:04:10,"2023-03-26","2023","March","26","04:04","04",13
"136",2023-03-26 02:09:20,"2023-03-26","2023","March","26","02:09","02",13
"137",2023-03-26 00:55:49,"2023-03-26","2023","March","26","00:55","00",13
"138",2023-03-25 23:01:36,"2023-03-25","2023","March","25","23:01","23",13
"139",2023-03-25 19:24:11,"2023-03-25","2023","March","25","19:24","19",13
"140",2023-03-25 19:20:44,"2023-03-25","2023","March","25","19:20","19",13
"141",2023-03-25 18:17:04,"2023-03-25","2023","March","25","18:17","18",13
"142",2023-03-25 18:07:27,"2023-03-25","2023","March","25","18:07","18",13
"143",2023-03-25 07:19:50,"2023-03-25","2023","March","25","07:19","07",13
"144",2023-03-25 06:13:53,"2023-03-25","2023","March","25","06:13","06",13
"145",2023-03-25 05:41:38,"2023-03-25","2023","March","25","05:41","05",13
"146",2023-03-25 02:15:06,"2023-03-25","2023","March","25","02:15","02",13
"147",2023-03-25 01:58:00,"2023-03-25","2023","March","25","01:58","01",13
"148",2023-03-25 01:31:40,"2023-03-25","2023","March","25","01:31","01",13
"149",2023-03-25 00:50:49,"2023-03-25","2023","March","25","00:50","00",13
"150",2023-03-25 00:32:19,"2023-03-25","2023","March","25","00:32","00",13
"151",2023-03-24 23:56:49,"2023-03-24","2023","March","24","23:56","23",19
"152",2023-03-24 23:17:32,"2023-03-24","2023","March","24","23:17","23",19
"153",2023-03-24 20:37:19,"2023-03-24","2023","March","24","20:37","20",19
"154",2023-03-24 19:36:20,"2023-03-24","2023","March","24","19:36","19",19
"155",2023-03-24 18:35:58,"2023-03-24","2023","March","24","18:35","18",19
"156",2023-03-24 17:34:16,"2023-03-24","2023","March","24","17:34","17",19
"157",2023-03-24 16:43:26,"2023-03-24","2023","March","24","16:43","16",19
"158",2023-03-24 16:02:06,"2023-03-24","2023","March","24","16:02","16",19
"159",2023-03-24 14:51:29,"2023-03-24","2023","March","24","14:51","14",19
"160",2023-03-24 13:00:08,"2023-03-24","2023","March","24","13:00","13",19
"161",2023-03-24 12:13:11,"2023-03-24","2023","March","24","12:13","12",19
"162",2023-03-24 11:37:18,"2023-03-24","2023","March","24","11:37","11",19
"163",2023-03-24 10:31:38,"2023-03-24","2023","March","24","10:31","10",19
"164",2023-03-24 08:53:25,"2023-03-24","2023","March","24","08:53","08",19
"165",2023-03-24 05:12:51,"2023-03-24","2023","March","24","05:12","05",19
"166",2023-03-24 03:04:34,"2023-03-24","2023","March","24","03:04","03",19
"167",2023-03-24 02:47:22,"2023-03-24","2023","March","24","02:47","02",19
"168",2023-03-24 02:26:10,"2023-03-24","2023","March","24","02:26","02",19
"169",2023-03-24 01:56:28,"2023-03-24","2023","March","24","01:56","01",19
"170",2023-03-23 23:21:14,"2023-03-23","2023","March","23","23:21","23",18
"171",2023-03-23 23:19:20,"2023-03-23","2023","March","23","23:19","23",18
"172",2023-03-23 22:45:08,"2023-03-23","2023","March","23","22:45","22",18
"173",2023-03-23 21:25:16,"2023-03-23","2023","March","23","21:25","21",18
"174",2023-03-23 20:47:28,"2023-03-23","2023","March","23","20:47","20",18
"175",2023-03-23 20:27:19,"2023-03-23","2023","March","23","20:27","20",18
"176",2023-03-23 19:52:27,"2023-03-23","2023","March","23","19:52","19",18
"177",2023-03-23 19:44:51,"2023-03-23","2023","March","23","19:44","19",18
"178",2023-03-23 19:07:38,"2023-03-23","2023","March","23","19:07","19",18
"179",2023-03-23 14:51:34,"2023-03-23","2023","March","23","14:51","14",18
"180",2023-03-23 12:38:20,"2023-03-23","2023","March","23","12:38","12",18
"181",2023-03-23 12:25:12,"2023-03-23","2023","March","23","12:25","12",18
"182",2023-03-23 12:16:56,"2023-03-23","2023","March","23","12:16","12",18
"183",2023-03-23 11:54:59,"2023-03-23","2023","March","23","11:54","11",18
"184",2023-03-23 11:40:30,"2023-03-23","2023","March","23","11:40","11",18
"185",2023-03-23 01:07:35,"2023-03-23","2023","March","23","01:07","01",18
"186",2023-03-23 00:48:09,"2023-03-23","2023","March","23","00:48","00",18
"187",2023-03-23 00:05:56,"2023-03-23","2023","March","23","00:05","00",18
"188",2023-03-22 22:54:41,"2023-03-22","2023","March","22","22:54","22",22
"189",2023-03-22 22:16:36,"2023-03-22","2023","March","22","22:16","22",22
"190",2023-03-22 21:55:18,"2023-03-22","2023","March","22","21:55","21",22
"191",2023-03-22 21:50:14,"2023-03-22","2023","March","22","21:50","21",22
"192",2023-03-22 21:30:39,"2023-03-22","2023","March","22","21:30","21",22
"193",2023-03-22 20:26:51,"2023-03-22","2023","March","22","20:26","20",22
"194",2023-03-22 19:52:45,"2023-03-22","2023","March","22","19:52","19",22
"195",2023-03-22 19:35:39,"2023-03-22","2023","March","22","19:35","19",22
"196",2023-03-22 17:05:27,"2023-03-22","2023","March","22","17:05","17",22
"197",2023-03-22 15:40:51,"2023-03-22","2023","March","22","15:40","15",22
"198",2023-03-22 15:20:18,"2023-03-22","2023","March","22","15:20","15",22
"199",2023-03-22 15:10:39,"2023-03-22","2023","March","22","15:10","15",22
"200",2023-03-22 15:10:21,"2023-03-22","2023","March","22","15:10","15",22
"201",2023-03-22 14:33:11,"2023-03-22","2023","March","22","14:33","14",22
"202",2023-03-22 13:44:58,"2023-03-22","2023","March","22","13:44","13",22
"203",2023-03-22 13:18:04,"2023-03-22","2023","March","22","13:18","13",22
"204",2023-03-22 11:24:28,"2023-03-22","2023","March","22","11:24","11",22
"205",2023-03-22 11:00:58,"2023-03-22","2023","March","22","11:00","11",22
"206",2023-03-22 09:00:03,"2023-03-22","2023","March","22","09:00","09",22
"207",2023-03-22 03:54:57,"2023-03-22","2023","March","22","03:54","03",22
"208",2023-03-22 01:09:14,"2023-03-22","2023","March","22","01:09","01",22
"209",2023-03-22 00:15:01,"2023-03-22","2023","March","22","00:15","00",22
"210",2023-03-21 23:23:00,"2023-03-21","2023","March","21","23:23","23",18
"211",2023-03-21 22:40:53,"2023-03-21","2023","March","21","22:40","22",18
"212",2023-03-21 22:12:38,"2023-03-21","2023","March","21","22:12","22",18
"213",2023-03-21 21:50:51,"2023-03-21","2023","March","21","21:50","21",18
"214",2023-03-21 21:16:43,"2023-03-21","2023","March","21","21:16","21",18
"215",2023-03-21 20:56:24,"2023-03-21","2023","March","21","20:56","20",18
"216",2023-03-21 19:24:13,"2023-03-21","2023","March","21","19:24","19",18
"217",2023-03-21 18:53:49,"2023-03-21","2023","March","21","18:53","18",18
"218",2023-03-21 15:46:27,"2023-03-21","2023","March","21","15:46","15",18
"219",2023-03-21 15:45:10,"2023-03-21","2023","March","21","15:45","15",18
"220",2023-03-21 14:59:04,"2023-03-21","2023","March","21","14:59","14",18
"221",2023-03-21 14:54:17,"2023-03-21","2023","March","21","14:54","14",18
"222",2023-03-21 14:48:20,"2023-03-21","2023","March","21","14:48","14",18
"223",2023-03-21 06:32:32,"2023-03-21","2023","March","21","06:32","06",18
"224",2023-03-21 05:14:56,"2023-03-21","2023","March","21","05:14","05",18
"225",2023-03-21 02:29:30,"2023-03-21","2023","March","21","02:29","02",18
"226",2023-03-21 02:21:29,"2023-03-21","2023","March","21","02:21","02",18
"227",2023-03-21 01:50:59,"2023-03-21","2023","March","21","01:50","01",18
"228",2023-03-20 22:44:44,"2023-03-20","2023","March","20","22:44","22",14
"229",2023-03-20 19:20:19,"2023-03-20","2023","March","20","19:20","19",14
"230",2023-03-20 18:32:16,"2023-03-20","2023","March","20","18:32","18",14
"231",2023-03-20 17:46:46,"2023-03-20","2023","March","20","17:46","17",14
"232",2023-03-20 17:23:00,"2023-03-20","2023","March","20","17:23","17",14
"233",2023-03-20 13:51:49,"2023-03-20","2023","March","20","13:51","13",14
"234",2023-03-20 13:30:35,"2023-03-20","2023","March","20","13:30","13",14
"235",2023-03-20 13:05:39,"2023-03-20","2023","March","20","13:05","13",14
"236",2023-03-20 12:50:56,"2023-03-20","2023","March","20","12:50","12",14
"237",2023-03-20 10:29:55,"2023-03-20","2023","March","20","10:29","10",14
"238",2023-03-20 03:55:24,"2023-03-20","2023","March","20","03:55","03",14
"239",2023-03-20 00:55:35,"2023-03-20","2023","March","20","00:55","00",14
"240",2023-03-20 00:42:03,"2023-03-20","2023","March","20","00:42","00",14
"241",2023-03-20 00:10:48,"2023-03-20","2023","March","20","00:10","00",14
"242",2023-03-19 23:59:05,"2023-03-19","2023","March","19","23:59","23",17
"243",2023-03-19 23:15:01,"2023-03-19","2023","March","19","23:15","23",17
"244",2023-03-19 22:47:45,"2023-03-19","2023","March","19","22:47","22",17
"245",2023-03-19 19:43:37,"2023-03-19","2023","March","19","19:43","19",17
"246",2023-03-19 18:51:30,"2023-03-19","2023","March","19","18:51","18",17
"247",2023-03-19 18:28:34,"2023-03-19","2023","March","19","18:28","18",17
"248",2023-03-19 15:53:50,"2023-03-19","2023","March","19","15:53","15",17
"249",2023-03-19 15:27:21,"2023-03-19","2023","March","19","15:27","15",17
"250",2023-03-19 15:12:34,"2023-03-19","2023","March","19","15:12","15",17
"251",2023-03-19 14:19:16,"2023-03-19","2023","March","19","14:19","14",17
"252",2023-03-19 13:39:55,"2023-03-19","2023","March","19","13:39","13",17
"253",2023-03-19 05:52:02,"2023-03-19","2023","March","19","05:52","05",17
"254",2023-03-19 04:12:32,"2023-03-19","2023","March","19","04:12","04",17
"255",2023-03-19 01:35:56,"2023-03-19","2023","March","19","01:35","01",17
"256",2023-03-19 00:41:38,"2023-03-19","2023","March","19","00:41","00",17
"257",2023-03-19 00:32:13,"2023-03-19","2023","March","19","00:32","00",17
"258",2023-03-19 00:24:03,"2023-03-19","2023","March","19","00:24","00",17
"259",2023-03-18 23:26:26,"2023-03-18","2023","March","18","23:26","23",16
"260",2023-03-18 23:15:18,"2023-03-18","2023","March","18","23:15","23",16
"261",2023-03-18 19:36:57,"2023-03-18","2023","March","18","19:36","19",16
"262",2023-03-18 18:04:25,"2023-03-18","2023","March","18","18:04","18",16
"263",2023-03-18 17:11:43,"2023-03-18","2023","March","18","17:11","17",16
"264",2023-03-18 15:37:51,"2023-03-18","2023","March","18","15:37","15",16
"265",2023-03-18 14:48:19,"2023-03-18","2023","March","18","14:48","14",16
"266",2023-03-18 13:29:08,"2023-03-18","2023","March","18","13:29","13",16
"267",2023-03-18 10:25:47,"2023-03-18","2023","March","18","10:25","10",16
"268",2023-03-18 07:10:59,"2023-03-18","2023","March","18","07:10","07",16
"269",2023-03-18 06:09:11,"2023-03-18","2023","March","18","06:09","06",16
"270",2023-03-18 05:57:19,"2023-03-18","2023","March","18","05:57","05",16
"271",2023-03-18 04:15:56,"2023-03-18","2023","March","18","04:15","04",16
"272",2023-03-18 03:36:21,"2023-03-18","2023","March","18","03:36","03",16
"273",2023-03-18 03:26:41,"2023-03-18","2023","March","18","03:26","03",16
"274",2023-03-18 02:55:00,"2023-03-18","2023","March","18","02:55","02",16
"275",2023-03-17 23:58:34,"2023-03-17","2023","March","17","23:58","23",22
"276",2023-03-17 22:21:37,"2023-03-17","2023","March","17","22:21","22",22
"277",2023-03-17 21:10:22,"2023-03-17","2023","March","17","21:10","21",22
"278",2023-03-17 20:43:37,"2023-03-17","2023","March","17","20:43","20",22
"279",2023-03-17 20:26:44,"2023-03-17","2023","March","17","20:26","20",22
"280",2023-03-17 20:05:56,"2023-03-17","2023","March","17","20:05","20",22
"281",2023-03-17 17:59:39,"2023-03-17","2023","March","17","17:59","17",22
"282",2023-03-17 17:27:36,"2023-03-17","2023","March","17","17:27","17",22
"283",2023-03-17 16:25:54,"2023-03-17","2023","March","17","16:25","16",22
"284",2023-03-17 16:12:07,"2023-03-17","2023","March","17","16:12","16",22
"285",2023-03-17 16:01:13,"2023-03-17","2023","March","17","16:01","16",22
"286",2023-03-17 14:25:23,"2023-03-17","2023","March","17","14:25","14",22
"287",2023-03-17 07:13:46,"2023-03-17","2023","March","17","07:13","07",22
"288",2023-03-17 06:03:40,"2023-03-17","2023","March","17","06:03","06",22
"289",2023-03-17 04:22:32,"2023-03-17","2023","March","17","04:22","04",22
"290",2023-03-17 02:59:52,"2023-03-17","2023","March","17","02:59","02",22
"291",2023-03-17 02:33:54,"2023-03-17","2023","March","17","02:33","02",22
"292",2023-03-17 01:30:51,"2023-03-17","2023","March","17","01:30","01",22
"293",2023-03-17 01:08:56,"2023-03-17","2023","March","17","01:08","01",22
"294",2023-03-17 00:46:21,"2023-03-17","2023","March","17","00:46","00",22
"295",2023-03-17 00:32:21,"2023-03-17","2023","March","17","00:32","00",22
"296",2023-03-17 00:05:16,"2023-03-17","2023","March","17","00:05","00",22
"297",2023-03-16 21:46:25,"2023-03-16","2023","March","16","21:46","21",14
"298",2023-03-16 21:07:29,"2023-03-16","2023","March","16","21:07","21",14
"299",2023-03-16 20:57:14,"2023-03-16","2023","March","16","20:57","20",14
"300",2023-03-16 19:10:17,"2023-03-16","2023","March","16","19:10","19",14
"301",2023-03-16 14:08:01,"2023-03-16","2023","March","16","14:08","14",14
"302",2023-03-16 14:04:40,"2023-03-16","2023","March","16","14:04","14",14
"303",2023-03-16 06:02:02,"2023-03-16","2023","March","16","06:02","06",14
"304",2023-03-16 02:15:15,"2023-03-16","2023","March","16","02:15","02",14
"305",2023-03-16 02:08:06,"2023-03-16","2023","March","16","02:08","02",14
"306",2023-03-16 02:07:25,"2023-03-16","2023","March","16","02:07","02",14
"307",2023-03-16 00:42:18,"2023-03-16","2023","March","16","00:42","00",14
"308",2023-03-16 00:26:51,"2023-03-16","2023","March","16","00:26","00",14
"309",2023-03-16 00:19:09,"2023-03-16","2023","March","16","00:19","00",14
"310",2023-03-16 00:02:33,"2023-03-16","2023","March","16","00:02","00",14
"311",2023-03-15 22:53:56,"2023-03-15","2023","March","15","22:53","22",14
"312",2023-03-15 22:09:46,"2023-03-15","2023","March","15","22:09","22",14
"313",2023-03-15 22:07:34,"2023-03-15","2023","March","15","22:07","22",14
"314",2023-03-15 21:56:14,"2023-03-15","2023","March","15","21:56","21",14
"315",2023-03-15 21:21:40,"2023-03-15","2023","March","15","21:21","21",14
"316",2023-03-15 19:45:46,"2023-03-15","2023","March","15","19:45","19",14
"317",2023-03-15 19:38:07,"2023-03-15","2023","March","15","19:38","19",14
"318",2023-03-15 18:36:26,"2023-03-15","2023","March","15","18:36","18",14
"319",2023-03-15 18:10:42,"2023-03-15","2023","March","15","18:10","18",14
"320",2023-03-15 17:04:09,"2023-03-15","2023","March","15","17:04","17",14
"321",2023-03-15 16:16:14,"2023-03-15","2023","March","15","16:16","16",14
"322",2023-03-15 15:02:13,"2023-03-15","2023","March","15","15:02","15",14
"323",2023-03-15 09:10:02,"2023-03-15","2023","March","15","09:10","09",14
"324",2023-03-15 03:59:14,"2023-03-15","2023","March","15","03:59","03",14
"325",2023-03-14 18:54:51,"2023-03-14","2023","March","14","18:54","18",19
"326",2023-03-14 18:07:29,"2023-03-14","2023","March","14","18:07","18",19
"327",2023-03-14 16:53:15,"2023-03-14","2023","March","14","16:53","16",19
"328",2023-03-14 16:50:40,"2023-03-14","2023","March","14","16:50","16",19
"329",2023-03-14 15:23:38,"2023-03-14","2023","March","14","15:23","15",19
"330",2023-03-14 14:46:24,"2023-03-14","2023","March","14","14:46","14",19
"331",2023-03-14 14:37:19,"2023-03-14","2023","March","14","14:37","14",19
"332",2023-03-14 14:31:03,"2023-03-14","2023","March","14","14:31","14",19
"333",2023-03-14 14:18:54,"2023-03-14","2023","March","14","14:18","14",19
"334",2023-03-14 13:26:42,"2023-03-14","2023","March","14","13:26","13",19
"335",2023-03-14 13:07:39,"2023-03-14","2023","March","14","13:07","13",19
"336",2023-03-14 12:23:00,"2023-03-14","2023","March","14","12:23","12",19
"337",2023-03-14 12:11:40,"2023-03-14","2023","March","14","12:11","12",19
"338",2023-03-14 12:07:55,"2023-03-14","2023","March","14","12:07","12",19
"339",2023-03-14 11:58:05,"2023-03-14","2023","March","14","11:58","11",19
"340",2023-03-14 09:54:07,"2023-03-14","2023","March","14","09:54","09",19
"341",2023-03-14 07:45:19,"2023-03-14","2023","March","14","07:45","07",19
"342",2023-03-14 06:17:41,"2023-03-14","2023","March","14","06:17","06",19
"343",2023-03-14 01:31:08,"2023-03-14","2023","March","14","01:31","01",19
"344",2023-03-13 23:10:08,"2023-03-13","2023","March","13","23:10","23",12
"345",2023-03-13 22:47:33,"2023-03-13","2023","March","13","22:47","22",12
"346",2023-03-13 21:46:47,"2023-03-13","2023","March","13","21:46","21",12
"347",2023-03-13 21:32:59,"2023-03-13","2023","March","13","21:32","21",12
"348",2023-03-13 17:40:02,"2023-03-13","2023","March","13","17:40","17",12
"349",2023-03-13 17:39:23,"2023-03-13","2023","March","13","17:39","17",12
"350",2023-03-13 14:48:17,"2023-03-13","2023","March","13","14:48","14",12
"351",2023-03-13 14:38:05,"2023-03-13","2023","March","13","14:38","14",12
"352",2023-03-13 14:12:56,"2023-03-13","2023","March","13","14:12","14",12
"353",2023-03-13 13:01:11,"2023-03-13","2023","March","13","13:01","13",12
"354",2023-03-13 05:46:56,"2023-03-13","2023","March","13","05:46","05",12
"355",2023-03-13 02:26:00,"2023-03-13","2023","March","13","02:26","02",12
"356",2023-03-12 22:01:32,"2023-03-12","2023","March","12","22:01","22",12
"357",2023-03-12 21:44:41,"2023-03-12","2023","March","12","21:44","21",12
"358",2023-03-12 20:51:59,"2023-03-12","2023","March","12","20:51","20",12
"359",2023-03-12 11:38:17,"2023-03-12","2023","March","12","11:38","11",12
"360",2023-03-12 11:11:35,"2023-03-12","2023","March","12","11:11","11",12
"361",2023-03-12 08:54:14,"2023-03-12","2023","March","12","08:54","08",12
"362",2023-03-12 05:58:11,"2023-03-12","2023","March","12","05:58","05",12
"363",2023-03-12 05:47:42,"2023-03-12","2023","March","12","05:47","05",12
"364",2023-03-12 03:24:33,"2023-03-12","2023","March","12","03:24","03",12
"365",2023-03-12 02:22:05,"2023-03-12","2023","March","12","02:22","02",12
"366",2023-03-12 01:21:04,"2023-03-12","2023","March","12","01:21","01",12
"367",2023-03-12 01:09:45,"2023-03-12","2023","March","12","01:09","01",12
"368",2023-03-11 23:45:13,"2023-03-11","2023","March","11","23:45","23",10
"369",2023-03-11 21:32:20,"2023-03-11","2023","March","11","21:32","21",10
"370",2023-03-11 20:12:49,"2023-03-11","2023","March","11","20:12","20",10
"371",2023-03-11 18:35:56,"2023-03-11","2023","March","11","18:35","18",10
"372",2023-03-11 18:15:41,"2023-03-11","2023","March","11","18:15","18",10
"373",2023-03-11 15:24:36,"2023-03-11","2023","March","11","15:24","15",10
"374",2023-03-11 12:22:58,"2023-03-11","2023","March","11","12:22","12",10
"375",2023-03-11 07:07:02,"2023-03-11","2023","March","11","07:07","07",10
"376",2023-03-11 01:02:04,"2023-03-11","2023","March","11","01:02","01",10
"377",2023-03-11 00:17:31,"2023-03-11","2023","March","11","00:17","00",10
"378",2023-03-10 22:23:40,"2023-03-10","2023","March","10","22:23","22",10
"379",2023-03-10 22:08:31,"2023-03-10","2023","March","10","22:08","22",10
"380",2023-03-10 22:07:42,"2023-03-10","2023","March","10","22:07","22",10
"381",2023-03-10 21:55:07,"2023-03-10","2023","March","10","21:55","21",10
"382",2023-03-10 17:08:05,"2023-03-10","2023","March","10","17:08","17",10
"383",2023-03-10 15:35:06,"2023-03-10","2023","March","10","15:35","15",10
"384",2023-03-10 13:42:31,"2023-03-10","2023","March","10","13:42","13",10
"385",2023-03-10 06:09:17,"2023-03-10","2023","March","10","06:09","06",10
"386",2023-03-10 03:59:15,"2023-03-10","2023","March","10","03:59","03",10
"387",2023-03-10 03:39:55,"2023-03-10","2023","March","10","03:39","03",10
"388",2023-03-09 23:59:36,"2023-03-09","2023","March","09","23:59","23",15
"389",2023-03-09 22:57:00,"2023-03-09","2023","March","09","22:57","22",15
"390",2023-03-09 22:33:33,"2023-03-09","2023","March","09","22:33","22",15
"391",2023-03-09 21:42:33,"2023-03-09","2023","March","09","21:42","21",15
"392",2023-03-09 20:17:08,"2023-03-09","2023","March","09","20:17","20",15
"393",2023-03-09 20:16:15,"2023-03-09","2023","March","09","20:16","20",15
"394",2023-03-09 15:24:14,"2023-03-09","2023","March","09","15:24","15",15
"395",2023-03-09 11:52:21,"2023-03-09","2023","March","09","11:52","11",15
"396",2023-03-09 07:29:58,"2023-03-09","2023","March","09","07:29","07",15
"397",2023-03-09 03:10:36,"2023-03-09","2023","March","09","03:10","03",15
"398",2023-03-09 02:43:46,"2023-03-09","2023","March","09","02:43","02",15
"399",2023-03-09 00:55:09,"2023-03-09","2023","March","09","00:55","00",15
"400",2023-03-09 00:50:09,"2023-03-09","2023","March","09","00:50","00",15
"401",2023-03-09 00:46:27,"2023-03-09","2023","March","09","00:46","00",15
"402",2023-03-09 00:37:23,"2023-03-09","2023","March","09","00:37","00",15
"403",2023-03-08 21:00:06,"2023-03-08","2023","March","08","21:00","21",9
"404",2023-03-08 20:20:00,"2023-03-08","2023","March","08","20:20","20",9
"405",2023-03-08 19:04:06,"2023-03-08","2023","March","08","19:04","19",9
"406",2023-03-08 17:17:26,"2023-03-08","2023","March","08","17:17","17",9
"407",2023-03-08 15:55:28,"2023-03-08","2023","March","08","15:55","15",9
"408",2023-03-08 14:59:12,"2023-03-08","2023","March","08","14:59","14",9
"409",2023-03-08 06:24:44,"2023-03-08","2023","March","08","06:24","06",9
"410",2023-03-08 05:32:35,"2023-03-08","2023","March","08","05:32","05",9
"411",2023-03-08 00:59:37,"2023-03-08","2023","March","08","00:59","00",9
"412",2023-03-07 22:23:18,"2023-03-07","2023","March","07","22:23","22",14
"413",2023-03-07 21:51:06,"2023-03-07","2023","March","07","21:51","21",14
"414",2023-03-07 20:55:21,"2023-03-07","2023","March","07","20:55","20",14
"415",2023-03-07 20:31:30,"2023-03-07","2023","March","07","20:31","20",14
"416",2023-03-07 18:19:40,"2023-03-07","2023","March","07","18:19","18",14
"417",2023-03-07 17:07:07,"2023-03-07","2023","March","07","17:07","17",14
"418",2023-03-07 16:45:18,"2023-03-07","2023","March","07","16:45","16",14
"419",2023-03-07 16:17:38,"2023-03-07","2023","March","07","16:17","16",14
"420",2023-03-07 16:02:50,"2023-03-07","2023","March","07","16:02","16",14
"421",2023-03-07 15:55:09,"2023-03-07","2023","March","07","15:55","15",14
"422",2023-03-07 13:46:32,"2023-03-07","2023","March","07","13:46","13",14
"423",2023-03-07 08:27:11,"2023-03-07","2023","March","07","08:27","08",14
"424",2023-03-07 04:05:22,"2023-03-07","2023","March","07","04:05","04",14
"425",2023-03-07 03:20:29,"2023-03-07","2023","March","07","03:20","03",14
"426",2023-03-06 23:07:29,"2023-03-06","2023","March","06","23:07","23",21
"427",2023-03-06 22:33:56,"2023-03-06","2023","March","06","22:33","22",21
"428",2023-03-06 20:42:40,"2023-03-06","2023","March","06","20:42","20",21
"429",2023-03-06 20:20:19,"2023-03-06","2023","March","06","20:20","20",21
"430",2023-03-06 20:15:00,"2023-03-06","2023","March","06","20:15","20",21
"431",2023-03-06 19:44:02,"2023-03-06","2023","March","06","19:44","19",21
"432",2023-03-06 19:42:33,"2023-03-06","2023","March","06","19:42","19",21
"433",2023-03-06 18:54:13,"2023-03-06","2023","March","06","18:54","18",21
"434",2023-03-06 18:26:17,"2023-03-06","2023","March","06","18:26","18",21
"435",2023-03-06 18:14:34,"2023-03-06","2023","March","06","18:14","18",21
"436",2023-03-06 18:12:01,"2023-03-06","2023","March","06","18:12","18",21
"437",2023-03-06 16:44:50,"2023-03-06","2023","March","06","16:44","16",21
"438",2023-03-06 16:22:25,"2023-03-06","2023","March","06","16:22","16",21
"439",2023-03-06 16:12:00,"2023-03-06","2023","March","06","16:12","16",21
"440",2023-03-06 14:49:59,"2023-03-06","2023","March","06","14:49","14",21
"441",2023-03-06 14:15:05,"2023-03-06","2023","March","06","14:15","14",21
"442",2023-03-06 13:50:12,"2023-03-06","2023","March","06","13:50","13",21
"443",2023-03-06 11:30:47,"2023-03-06","2023","March","06","11:30","11",21
"444",2023-03-06 06:42:08,"2023-03-06","2023","March","06","06:42","06",21
"445",2023-03-06 02:39:24,"2023-03-06","2023","March","06","02:39","02",21
"446",2023-03-06 00:18:31,"2023-03-06","2023","March","06","00:18","00",21
"447",2023-03-05 22:58:56,"2023-03-05","2023","March","05","22:58","22",17
"448",2023-03-05 21:26:36,"2023-03-05","2023","March","05","21:26","21",17
"449",2023-03-05 21:08:26,"2023-03-05","2023","March","05","21:08","21",17
"450",2023-03-05 18:49:19,"2023-03-05","2023","March","05","18:49","18",17
"451",2023-03-05 17:26:31,"2023-03-05","2023","March","05","17:26","17",17
"452",2023-03-05 16:43:24,"2023-03-05","2023","March","05","16:43","16",17
"453",2023-03-05 13:45:32,"2023-03-05","2023","March","05","13:45","13",17
"454",2023-03-05 12:06:47,"2023-03-05","2023","March","05","12:06","12",17
"455",2023-03-05 08:41:38,"2023-03-05","2023","March","05","08:41","08",17
"456",2023-03-05 05:31:14,"2023-03-05","2023","March","05","05:31","05",17
"457",2023-03-05 03:57:04,"2023-03-05","2023","March","05","03:57","03",17
"458",2023-03-05 02:50:17,"2023-03-05","2023","March","05","02:50","02",17
"459",2023-03-05 02:24:04,"2023-03-05","2023","March","05","02:24","02",17
"460",2023-03-05 02:15:16,"2023-03-05","2023","March","05","02:15","02",17
"461",2023-03-05 02:10:21,"2023-03-05","2023","March","05","02:10","02",17
"462",2023-03-05 01:28:53,"2023-03-05","2023","March","05","01:28","01",17
"463",2023-03-05 00:39:11,"2023-03-05","2023","March","05","00:39","00",17
"464",2023-03-04 22:33:09,"2023-03-04","2023","March","04","22:33","22",9
"465",2023-03-04 18:22:26,"2023-03-04","2023","March","04","18:22","18",9
"466",2023-03-04 17:41:54,"2023-03-04","2023","March","04","17:41","17",9
"467",2023-03-04 16:05:27,"2023-03-04","2023","March","04","16:05","16",9
"468",2023-03-04 15:16:19,"2023-03-04","2023","March","04","15:16","15",9
"469",2023-03-04 14:41:47,"2023-03-04","2023","March","04","14:41","14",9
"470",2023-03-04 05:01:44,"2023-03-04","2023","March","04","05:01","05",9
"471",2023-03-04 03:52:12,"2023-03-04","2023","March","04","03:52","03",9
"472",2023-03-04 00:07:58,"2023-03-04","2023","March","04","00:07","00",9
"473",2023-03-03 23:56:00,"2023-03-03","2023","March","03","23:56","23",16
"474",2023-03-03 23:28:32,"2023-03-03","2023","March","03","23:28","23",16
"475",2023-03-03 22:15:52,"2023-03-03","2023","March","03","22:15","22",16
"476",2023-03-03 21:27:42,"2023-03-03","2023","March","03","21:27","21",16
"477",2023-03-03 21:20:01,"2023-03-03","2023","March","03","21:20","21",16
"478",2023-03-03 21:14:37,"2023-03-03","2023","March","03","21:14","21",16
"479",2023-03-03 20:16:05,"2023-03-03","2023","March","03","20:16","20",16
"480",2023-03-03 19:00:16,"2023-03-03","2023","March","03","19:00","19",16
"481",2023-03-03 16:07:49,"2023-03-03","2023","March","03","16:07","16",16
"482",2023-03-03 14:04:23,"2023-03-03","2023","March","03","14:04","14",16
"483",2023-03-03 12:47:12,"2023-03-03","2023","March","03","12:47","12",16
"484",2023-03-03 10:10:39,"2023-03-03","2023","March","03","10:10","10",16
"485",2023-03-03 04:45:40,"2023-03-03","2023","March","03","04:45","04",16
"486",2023-03-03 01:22:11,"2023-03-03","2023","March","03","01:22","01",16
"487",2023-03-03 00:46:16,"2023-03-03","2023","March","03","00:46","00",16
"488",2023-03-03 00:42:14,"2023-03-03","2023","March","03","00:42","00",16
"489",2023-03-02 23:35:22,"2023-03-02","2023","March","02","23:35","23",14
"490",2023-03-02 22:33:31,"2023-03-02","2023","March","02","22:33","22",14
"491",2023-03-02 22:08:07,"2023-03-02","2023","March","02","22:08","22",14
"492",2023-03-02 20:50:43,"2023-03-02","2023","March","02","20:50","20",14
"493",2023-03-02 20:03:58,"2023-03-02","2023","March","02","20:03","20",14
"494",2023-03-02 19:52:49,"2023-03-02","2023","March","02","19:52","19",14
"495",2023-03-02 18:41:57,"2023-03-02","2023","March","02","18:41","18",14
"496",2023-03-02 17:57:39,"2023-03-02","2023","March","02","17:57","17",14
"497",2023-03-02 16:24:22,"2023-03-02","2023","March","02","16:24","16",14
"498",2023-03-02 15:51:28,"2023-03-02","2023","March","02","15:51","15",14
"499",2023-03-02 15:15:50,"2023-03-02","2023","March","02","15:15","15",14
"500",2023-03-02 15:09:42,"2023-03-02","2023","March","02","15:09","15",14
"501",2023-03-02 10:03:34,"2023-03-02","2023","March","02","10:03","10",14
"502",2023-03-02 03:59:11,"2023-03-02","2023","March","02","03:59","03",14
"503",2023-03-01 22:30:32,"2023-03-01","2023","March","01","22:30","22",11
"504",2023-03-01 22:01:16,"2023-03-01","2023","March","01","22:01","22",11
"505",2023-03-01 18:17:55,"2023-03-01","2023","March","01","18:17","18",11
"506",2023-03-01 18:00:28,"2023-03-01","2023","March","01","18:00","18",11
"507",2023-03-01 17:29:40,"2023-03-01","2023","March","01","17:29","17",11
"508",2023-03-01 16:49:15,"2023-03-01","2023","March","01","16:49","16",11
"509",2023-03-01 15:57:14,"2023-03-01","2023","March","01","15:57","15",11
"510",2023-03-01 15:51:29,"2023-03-01","2023","March","01","15:51","15",11
"511",2023-03-01 15:31:25,"2023-03-01","2023","March","01","15:31","15",11
"512",2023-03-01 04:25:14,"2023-03-01","2023","March","01","04:25","04",11
"513",2023-03-01 01:32:14,"2023-03-01","2023","March","01","01:32","01",11
"514",2023-02-28 23:39:10,"2023-02-28","2023","February","28","23:39","23",13
"515",2023-02-28 22:07:55,"2023-02-28","2023","February","28","22:07","22",13
"516",2023-02-28 20:01:57,"2023-02-28","2023","February","28","20:01","20",13
"517",2023-02-28 19:12:30,"2023-02-28","2023","February","28","19:12","19",13
"518",2023-02-28 17:37:26,"2023-02-28","2023","February","28","17:37","17",13
"519",2023-02-28 17:16:00,"2023-02-28","2023","February","28","17:16","17",13
"520",2023-02-28 16:44:13,"2023-02-28","2023","February","28","16:44","16",13
"521",2023-02-28 16:07:43,"2023-02-28","2023","February","28","16:07","16",13
"522",2023-02-28 15:05:22,"2023-02-28","2023","February","28","15:05","15",13
"523",2023-02-28 13:55:02,"2023-02-28","2023","February","28","13:55","13",13
"524",2023-02-28 05:12:42,"2023-02-28","2023","February","28","05:12","05",13
"525",2023-02-28 03:05:21,"2023-02-28","2023","February","28","03:05","03",13
"526",2023-02-28 00:38:25,"2023-02-28","2023","February","28","00:38","00",13
"527",2023-02-27 20:07:12,"2023-02-27","2023","February","27","20:07","20",11
"528",2023-02-27 18:59:48,"2023-02-27","2023","February","27","18:59","18",11
"529",2023-02-27 18:03:05,"2023-02-27","2023","February","27","18:03","18",11
"530",2023-02-27 17:48:34,"2023-02-27","2023","February","27","17:48","17",11
"531",2023-02-27 17:35:30,"2023-02-27","2023","February","27","17:35","17",11
"532",2023-02-27 17:26:58,"2023-02-27","2023","February","27","17:26","17",11
"533",2023-02-27 15:09:35,"2023-02-27","2023","February","27","15:09","15",11
"534",2023-02-27 14:57:42,"2023-02-27","2023","February","27","14:57","14",11
"535",2023-02-27 13:59:06,"2023-02-27","2023","February","27","13:59","13",11
"536",2023-02-27 13:46:30,"2023-02-27","2023","February","27","13:46","13",11
"537",2023-02-27 02:20:58,"2023-02-27","2023","February","27","02:20","02",11
"538",2023-02-26 21:41:33,"2023-02-26","2023","February","26","21:41","21",12
"539",2023-02-26 20:49:35,"2023-02-26","2023","February","26","20:49","20",12
"540",2023-02-26 20:03:36,"2023-02-26","2023","February","26","20:03","20",12
"541",2023-02-26 19:47:33,"2023-02-26","2023","February","26","19:47","19",12
"542",2023-02-26 16:41:25,"2023-02-26","2023","February","26","16:41","16",12
"543",2023-02-26 16:19:49,"2023-02-26","2023","February","26","16:19","16",12
"544",2023-02-26 15:05:17,"2023-02-26","2023","February","26","15:05","15",12
"545",2023-02-26 12:33:06,"2023-02-26","2023","February","26","12:33","12",12
"546",2023-02-26 10:23:30,"2023-02-26","2023","February","26","10:23","10",12
"547",2023-02-26 08:42:08,"2023-02-26","2023","February","26","08:42","08",12
"548",2023-02-26 02:29:18,"2023-02-26","2023","February","26","02:29","02",12
"549",2023-02-26 01:58:05,"2023-02-26","2023","February","26","01:58","01",12
"550",2023-02-25 22:59:05,"2023-02-25","2023","February","25","22:59","22",22
"551",2023-02-25 22:18:14,"2023-02-25","2023","February","25","22:18","22",22
"552",2023-02-25 22:04:32,"2023-02-25","2023","February","25","22:04","22",22
"553",2023-02-25 21:58:44,"2023-02-25","2023","February","25","21:58","21",22
"554",2023-02-25 20:47:25,"2023-02-25","2023","February","25","20:47","20",22
"555",2023-02-25 19:32:10,"2023-02-25","2023","February","25","19:32","19",22
"556",2023-02-25 16:02:11,"2023-02-25","2023","February","25","16:02","16",22
"557",2023-02-25 15:40:53,"2023-02-25","2023","February","25","15:40","15",22
"558",2023-02-25 15:19:16,"2023-02-25","2023","February","25","15:19","15",22
"559",2023-02-25 14:47:29,"2023-02-25","2023","February","25","14:47","14",22
"560",2023-02-25 14:32:03,"2023-02-25","2023","February","25","14:32","14",22
"561",2023-02-25 14:31:58,"2023-02-25","2023","February","25","14:31","14",22
"562",2023-02-25 13:20:59,"2023-02-25","2023","February","25","13:20","13",22
"563",2023-02-25 12:34:40,"2023-02-25","2023","February","25","12:34","12",22
"564",2023-02-25 11:10:27,"2023-02-25","2023","February","25","11:10","11",22
"565",2023-02-25 09:49:29,"2023-02-25","2023","February","25","09:49","09",22
"566",2023-02-25 08:38:53,"2023-02-25","2023","February","25","08:38","08",22
"567",2023-02-25 07:26:08,"2023-02-25","2023","February","25","07:26","07",22
"568",2023-02-25 06:54:17,"2023-02-25","2023","February","25","06:54","06",22
"569",2023-02-25 06:12:28,"2023-02-25","2023","February","25","06:12","06",22
"570",2023-02-25 05:50:23,"2023-02-25","2023","February","25","05:50","05",22
"571",2023-02-25 04:31:32,"2023-02-25","2023","February","25","04:31","04",22
"572",2023-02-24 23:48:26,"2023-02-24","2023","February","24","23:48","23",19
"573",2023-02-24 23:30:46,"2023-02-24","2023","February","24","23:30","23",19
"574",2023-02-24 23:21:35,"2023-02-24","2023","February","24","23:21","23",19
"575",2023-02-24 23:15:28,"2023-02-24","2023","February","24","23:15","23",19
"576",2023-02-24 22:53:40,"2023-02-24","2023","February","24","22:53","22",19
"577",2023-02-24 21:41:56,"2023-02-24","2023","February","24","21:41","21",19
"578",2023-02-24 21:20:46,"2023-02-24","2023","February","24","21:20","21",19
"579",2023-02-24 17:52:31,"2023-02-24","2023","February","24","17:52","17",19
"580",2023-02-24 13:00:51,"2023-02-24","2023","February","24","13:00","13",19
"581",2023-02-24 07:14:45,"2023-02-24","2023","February","24","07:14","07",19
"582",2023-02-24 06:02:08,"2023-02-24","2023","February","24","06:02","06",19
"583",2023-02-24 04:51:06,"2023-02-24","2023","February","24","04:51","04",19
"584",2023-02-24 03:16:12,"2023-02-24","2023","February","24","03:16","03",19
"585",2023-02-24 01:55:37,"2023-02-24","2023","February","24","01:55","01",19
"586",2023-02-24 01:13:29,"2023-02-24","2023","February","24","01:13","01",19
"587",2023-02-24 00:25:10,"2023-02-24","2023","February","24","00:25","00",19
"588",2023-02-24 00:21:13,"2023-02-24","2023","February","24","00:21","00",19
"589",2023-02-24 00:15:17,"2023-02-24","2023","February","24","00:15","00",19
"590",2023-02-24 00:00:05,"2023-02-24","2023","February","24","00:00","00",19
"591",2023-02-23 22:21:18,"2023-02-23","2023","February","23","22:21","22",5
"592",2023-02-23 21:18:12,"2023-02-23","2023","February","23","21:18","21",5
"593",2023-02-23 12:06:55,"2023-02-23","2023","February","23","12:06","12",5
"594",2023-02-23 07:54:00,"2023-02-23","2023","February","23","07:54","07",5
"595",2023-02-23 05:20:07,"2023-02-23","2023","February","23","05:20","05",5
"596",2023-02-22 23:40:58,"2023-02-22","2023","February","22","23:40","23",8
"597",2023-02-22 21:54:58,"2023-02-22","2023","February","22","21:54","21",8
"598",2023-02-22 19:01:45,"2023-02-22","2023","February","22","19:01","19",8
"599",2023-02-22 15:58:29,"2023-02-22","2023","February","22","15:58","15",8
"600",2023-02-22 15:40:16,"2023-02-22","2023","February","22","15:40","15",8
"601",2023-02-22 14:19:46,"2023-02-22","2023","February","22","14:19","14",8
"602",2023-02-22 13:00:54,"2023-02-22","2023","February","22","13:00","13",8
"603",2023-02-22 01:19:46,"2023-02-22","2023","February","22","01:19","01",8
"604",2023-02-21 23:12:42,"2023-02-21","2023","February","21","23:12","23",17
"605",2023-02-21 23:07:58,"2023-02-21","2023","February","21","23:07","23",17
"606",2023-02-21 22:42:47,"2023-02-21","2023","February","21","22:42","22",17
"607",2023-02-21 21:41:03,"2023-02-21","2023","February","21","21:41","21",17
"608",2023-02-21 21:33:11,"2023-02-21","2023","February","21","21:33","21",17
"609",2023-02-21 21:02:55,"2023-02-21","2023","February","21","21:02","21",17
"610",2023-02-21 19:39:37,"2023-02-21","2023","February","21","19:39","19",17
"611",2023-02-21 19:31:04,"2023-02-21","2023","February","21","19:31","19",17
"612",2023-02-21 19:15:51,"2023-02-21","2023","February","21","19:15","19",17
"613",2023-02-21 18:59:43,"2023-02-21","2023","February","21","18:59","18",17
"614",2023-02-21 16:46:05,"2023-02-21","2023","February","21","16:46","16",17
"615",2023-02-21 16:27:22,"2023-02-21","2023","February","21","16:27","16",17
"616",2023-02-21 06:26:24,"2023-02-21","2023","February","21","06:26","06",17
"617",2023-02-21 05:04:24,"2023-02-21","2023","February","21","05:04","05",17
"618",2023-02-21 02:48:00,"2023-02-21","2023","February","21","02:48","02",17
"619",2023-02-21 02:01:36,"2023-02-21","2023","February","21","02:01","02",17
"620",2023-02-21 01:21:12,"2023-02-21","2023","February","21","01:21","01",17
"621",2023-02-20 23:10:44,"2023-02-20","2023","February","20","23:10","23",6
"622",2023-02-20 22:34:24,"2023-02-20","2023","February","20","22:34","22",6
"623",2023-02-20 21:17:39,"2023-02-20","2023","February","20","21:17","21",6
"624",2023-02-20 19:11:37,"2023-02-20","2023","February","20","19:11","19",6
"625",2023-02-20 17:54:06,"2023-02-20","2023","February","20","17:54","17",6
"626",2023-02-20 04:03:05,"2023-02-20","2023","February","20","04:03","04",6
"627",2023-02-19 23:04:10,"2023-02-19","2023","February","19","23:04","23",9
"628",2023-02-19 20:29:26,"2023-02-19","2023","February","19","20:29","20",9
"629",2023-02-19 06:46:52,"2023-02-19","2023","February","19","06:46","06",9
"630",2023-02-19 06:12:03,"2023-02-19","2023","February","19","06:12","06",9
"631",2023-02-19 03:16:04,"2023-02-19","2023","February","19","03:16","03",9
"632",2023-02-19 02:03:36,"2023-02-19","2023","February","19","02:03","02",9
"633",2023-02-19 01:49:21,"2023-02-19","2023","February","19","01:49","01",9
"634",2023-02-19 01:14:46,"2023-02-19","2023","February","19","01:14","01",9
"635",2023-02-19 00:29:43,"2023-02-19","2023","February","19","00:29","00",9
"636",2023-02-18 23:38:14,"2023-02-18","2023","February","18","23:38","23",13
"637",2023-02-18 20:04:27,"2023-02-18","2023","February","18","20:04","20",13
"638",2023-02-18 19:02:20,"2023-02-18","2023","February","18","19:02","19",13
"639",2023-02-18 18:44:56,"2023-02-18","2023","February","18","18:44","18",13
"640",2023-02-18 18:41:12,"2023-02-18","2023","February","18","18:41","18",13
"641",2023-02-18 18:17:26,"2023-02-18","2023","February","18","18:17","18",13
"642",2023-02-18 15:52:59,"2023-02-18","2023","February","18","15:52","15",13
"643",2023-02-18 13:58:53,"2023-02-18","2023","February","18","13:58","13",13
"644",2023-02-18 07:36:08,"2023-02-18","2023","February","18","07:36","07",13
"645",2023-02-18 07:01:38,"2023-02-18","2023","February","18","07:01","07",13
"646",2023-02-18 06:50:29,"2023-02-18","2023","February","18","06:50","06",13
"647",2023-02-18 05:35:22,"2023-02-18","2023","February","18","05:35","05",13
"648",2023-02-18 02:57:27,"2023-02-18","2023","February","18","02:57","02",13
"649",2023-02-17 23:23:36,"2023-02-17","2023","February","17","23:23","23",14
"650",2023-02-17 23:04:24,"2023-02-17","2023","February","17","23:04","23",14
"651",2023-02-17 22:42:48,"2023-02-17","2023","February","17","22:42","22",14
"652",2023-02-17 22:42:31,"2023-02-17","2023","February","17","22:42","22",14
"653",2023-02-17 22:41:06,"2023-02-17","2023","February","17","22:41","22",14
"654",2023-02-17 21:34:44,"2023-02-17","2023","February","17","21:34","21",14
"655",2023-02-17 20:45:25,"2023-02-17","2023","February","17","20:45","20",14
"656",2023-02-17 19:08:07,"2023-02-17","2023","February","17","19:08","19",14
"657",2023-02-17 12:42:15,"2023-02-17","2023","February","17","12:42","12",14
"658",2023-02-17 11:46:10,"2023-02-17","2023","February","17","11:46","11",14
"659",2023-02-17 07:13:54,"2023-02-17","2023","February","17","07:13","07",14
"660",2023-02-17 02:51:06,"2023-02-17","2023","February","17","02:51","02",14
"661",2023-02-17 02:39:44,"2023-02-17","2023","February","17","02:39","02",14
"662",2023-02-17 01:17:14,"2023-02-17","2023","February","17","01:17","01",14
"663",2023-02-16 23:37:20,"2023-02-16","2023","February","16","23:37","23",18
"664",2023-02-16 22:51:24,"2023-02-16","2023","February","16","22:51","22",18
"665",2023-02-16 22:25:10,"2023-02-16","2023","February","16","22:25","22",18
"666",2023-02-16 20:55:10,"2023-02-16","2023","February","16","20:55","20",18
"667",2023-02-16 20:36:34,"2023-02-16","2023","February","16","20:36","20",18
"668",2023-02-16 19:52:32,"2023-02-16","2023","February","16","19:52","19",18
"669",2023-02-16 19:16:19,"2023-02-16","2023","February","16","19:16","19",18
"670",2023-02-16 17:52:15,"2023-02-16","2023","February","16","17:52","17",18
"671",2023-02-16 17:02:54,"2023-02-16","2023","February","16","17:02","17",18
"672",2023-02-16 13:45:10,"2023-02-16","2023","February","16","13:45","13",18
"673",2023-02-16 12:52:03,"2023-02-16","2023","February","16","12:52","12",18
"674",2023-02-16 11:54:51,"2023-02-16","2023","February","16","11:54","11",18
"675",2023-02-16 09:41:30,"2023-02-16","2023","February","16","09:41","09",18
"676",2023-02-16 06:46:14,"2023-02-16","2023","February","16","06:46","06",18
"677",2023-02-16 04:14:21,"2023-02-16","2023","February","16","04:14","04",18
"678",2023-02-16 03:42:04,"2023-02-16","2023","February","16","03:42","03",18
"679",2023-02-16 02:59:46,"2023-02-16","2023","February","16","02:59","02",18
"680",2023-02-16 00:43:07,"2023-02-16","2023","February","16","00:43","00",18
"681",2023-02-15 23:54:01,"2023-02-15","2023","February","15","23:54","23",16
"682",2023-02-15 23:03:46,"2023-02-15","2023","February","15","23:03","23",16
"683",2023-02-15 22:48:56,"2023-02-15","2023","February","15","22:48","22",16
"684",2023-02-15 21:46:47,"2023-02-15","2023","February","15","21:46","21",16
"685",2023-02-15 21:40:16,"2023-02-15","2023","February","15","21:40","21",16
"686",2023-02-15 19:59:54,"2023-02-15","2023","February","15","19:59","19",16
"687",2023-02-15 17:46:26,"2023-02-15","2023","February","15","17:46","17",16
"688",2023-02-15 17:29:07,"2023-02-15","2023","February","15","17:29","17",16
"689",2023-02-15 16:29:45,"2023-02-15","2023","February","15","16:29","16",16
"690",2023-02-15 16:15:06,"2023-02-15","2023","February","15","16:15","16",16
"691",2023-02-15 15:25:22,"2023-02-15","2023","February","15","15:25","15",16
"692",2023-02-15 12:26:38,"2023-02-15","2023","February","15","12:26","12",16
"693",2023-02-15 11:49:56,"2023-02-15","2023","February","15","11:49","11",16
"694",2023-02-15 03:09:45,"2023-02-15","2023","February","15","03:09","03",16
"695",2023-02-15 00:47:28,"2023-02-15","2023","February","15","00:47","00",16
"696",2023-02-15 00:15:47,"2023-02-15","2023","February","15","00:15","00",16
"697",2023-02-14 22:46:47,"2023-02-14","2023","February","14","22:46","22",14
"698",2023-02-14 22:12:58,"2023-02-14","2023","February","14","22:12","22",14
"699",2023-02-14 19:22:46,"2023-02-14","2023","February","14","19:22","19",14
"700",2023-02-14 18:55:30,"2023-02-14","2023","February","14","18:55","18",14
"701",2023-02-14 18:52:46,"2023-02-14","2023","February","14","18:52","18",14
"702",2023-02-14 18:14:44,"2023-02-14","2023","February","14","18:14","18",14
"703",2023-02-14 15:33:12,"2023-02-14","2023","February","14","15:33","15",14
"704",2023-02-14 15:20:30,"2023-02-14","2023","February","14","15:20","15",14
"705",2023-02-14 07:29:31,"2023-02-14","2023","February","14","07:29","07",14
"706",2023-02-14 05:04:30,"2023-02-14","2023","February","14","05:04","05",14
"707",2023-02-14 03:22:57,"2023-02-14","2023","February","14","03:22","03",14
"708",2023-02-14 02:36:35,"2023-02-14","2023","February","14","02:36","02",14
"709",2023-02-14 01:24:50,"2023-02-14","2023","February","14","01:24","01",14
"710",2023-02-14 01:21:41,"2023-02-14","2023","February","14","01:21","01",14
"711",2023-02-13 23:44:25,"2023-02-13","2023","February","13","23:44","23",8
"712",2023-02-13 22:41:03,"2023-02-13","2023","February","13","22:41","22",8
"713",2023-02-13 21:30:01,"2023-02-13","2023","February","13","21:30","21",8
"714",2023-02-13 21:27:35,"2023-02-13","2023","February","13","21:27","21",8
"715",2023-02-13 19:15:16,"2023-02-13","2023","February","13","19:15","19",8
"716",2023-02-13 17:50:48,"2023-02-13","2023","February","13","17:50","17",8
"717",2023-02-13 05:40:45,"2023-02-13","2023","February","13","05:40","05",8
"718",2023-02-13 00:37:27,"2023-02-13","2023","February","13","00:37","00",8
"719",2023-02-12 23:24:28,"2023-02-12","2023","February","12","23:24","23",7
"720",2023-02-12 23:05:57,"2023-02-12","2023","February","12","23:05","23",7
"721",2023-02-12 16:18:24,"2023-02-12","2023","February","12","16:18","16",7
"722",2023-02-12 15:24:25,"2023-02-12","2023","February","12","15:24","15",7
"723",2023-02-12 07:48:15,"2023-02-12","2023","February","12","07:48","07",7
"724",2023-02-12 04:12:56,"2023-02-12","2023","February","12","04:12","04",7
"725",2023-02-12 03:57:09,"2023-02-12","2023","February","12","03:57","03",7
"726",2023-02-11 22:26:00,"2023-02-11","2023","February","11","22:26","22",13
"727",2023-02-11 20:35:39,"2023-02-11","2023","February","11","20:35","20",13
"728",2023-02-11 19:44:59,"2023-02-11","2023","February","11","19:44","19",13
"729",2023-02-11 18:34:13,"2023-02-11","2023","February","11","18:34","18",13
"730",2023-02-11 18:27:07,"2023-02-11","2023","February","11","18:27","18",13
"731",2023-02-11 17:28:05,"2023-02-11","2023","February","11","17:28","17",13
"732",2023-02-11 16:52:20,"2023-02-11","2023","February","11","16:52","16",13
"733",2023-02-11 10:52:26,"2023-02-11","2023","February","11","10:52","10",13
"734",2023-02-11 07:41:45,"2023-02-11","2023","February","11","07:41","07",13
"735",2023-02-11 05:40:59,"2023-02-11","2023","February","11","05:40","05",13
"736",2023-02-11 04:35:09,"2023-02-11","2023","February","11","04:35","04",13
"737",2023-02-11 02:25:00,"2023-02-11","2023","February","11","02:25","02",13
"738",2023-02-11 00:17:24,"2023-02-11","2023","February","11","00:17","00",13
"739",2023-02-10 23:56:03,"2023-02-10","2023","February","10","23:56","23",19
"740",2023-02-10 22:17:05,"2023-02-10","2023","February","10","22:17","22",19
"741",2023-02-10 20:56:17,"2023-02-10","2023","February","10","20:56","20",19
"742",2023-02-10 20:07:19,"2023-02-10","2023","February","10","20:07","20",19
"743",2023-02-10 19:52:44,"2023-02-10","2023","February","10","19:52","19",19
"744",2023-02-10 19:30:56,"2023-02-10","2023","February","10","19:30","19",19
"745",2023-02-10 19:25:16,"2023-02-10","2023","February","10","19:25","19",19
"746",2023-02-10 19:19:19,"2023-02-10","2023","February","10","19:19","19",19
"747",2023-02-10 18:26:39,"2023-02-10","2023","February","10","18:26","18",19
"748",2023-02-10 18:14:59,"2023-02-10","2023","February","10","18:14","18",19
"749",2023-02-10 17:37:30,"2023-02-10","2023","February","10","17:37","17",19
"750",2023-02-10 15:54:29,"2023-02-10","2023","February","10","15:54","15",19
"751",2023-02-10 14:09:32,"2023-02-10","2023","February","10","14:09","14",19
"752",2023-02-10 13:50:40,"2023-02-10","2023","February","10","13:50","13",19
"753",2023-02-10 06:57:09,"2023-02-10","2023","February","10","06:57","06",19
"754",2023-02-10 06:23:37,"2023-02-10","2023","February","10","06:23","06",19
"755",2023-02-10 04:18:59,"2023-02-10","2023","February","10","04:18","04",19
"756",2023-02-10 03:15:34,"2023-02-10","2023","February","10","03:15","03",19
"757",2023-02-10 02:25:03,"2023-02-10","2023","February","10","02:25","02",19
"758",2023-02-09 22:36:17,"2023-02-09","2023","February","09","22:36","22",12
"759",2023-02-09 22:05:22,"2023-02-09","2023","February","09","22:05","22",12
"760",2023-02-09 17:25:17,"2023-02-09","2023","February","09","17:25","17",12
"761",2023-02-09 17:11:38,"2023-02-09","2023","February","09","17:11","17",12
"762",2023-02-09 16:59:57,"2023-02-09","2023","February","09","16:59","16",12
"763",2023-02-09 16:34:55,"2023-02-09","2023","February","09","16:34","16",12
"764",2023-02-09 16:27:45,"2023-02-09","2023","February","09","16:27","16",12
"765",2023-02-09 15:30:51,"2023-02-09","2023","February","09","15:30","15",12
"766",2023-02-09 14:37:41,"2023-02-09","2023","February","09","14:37","14",12
"767",2023-02-09 11:07:39,"2023-02-09","2023","February","09","11:07","11",12
"768",2023-02-09 10:52:55,"2023-02-09","2023","February","09","10:52","10",12
"769",2023-02-09 02:00:25,"2023-02-09","2023","February","09","02:00","02",12
"770",2023-02-08 23:39:45,"2023-02-08","2023","February","08","23:39","23",15
"771",2023-02-08 21:44:26,"2023-02-08","2023","February","08","21:44","21",15
"772",2023-02-08 20:50:55,"2023-02-08","2023","February","08","20:50","20",15
"773",2023-02-08 20:30:15,"2023-02-08","2023","February","08","20:30","20",15
"774",2023-02-08 20:22:11,"2023-02-08","2023","February","08","20:22","20",15
"775",2023-02-08 19:43:07,"2023-02-08","2023","February","08","19:43","19",15
"776",2023-02-08 17:16:28,"2023-02-08","2023","February","08","17:16","17",15
"777",2023-02-08 12:46:08,"2023-02-08","2023","February","08","12:46","12",15
"778",2023-02-08 11:46:26,"2023-02-08","2023","February","08","11:46","11",15
"779",2023-02-08 05:44:24,"2023-02-08","2023","February","08","05:44","05",15
"780",2023-02-08 05:23:45,"2023-02-08","2023","February","08","05:23","05",15
"781",2023-02-08 05:02:48,"2023-02-08","2023","February","08","05:02","05",15
"782",2023-02-08 02:16:07,"2023-02-08","2023","February","08","02:16","02",15
"783",2023-02-08 01:31:20,"2023-02-08","2023","February","08","01:31","01",15
"784",2023-02-08 01:30:36,"2023-02-08","2023","February","08","01:30","01",15
"785",2023-02-07 23:49:49,"2023-02-07","2023","February","07","23:49","23",19
"786",2023-02-07 22:18:49,"2023-02-07","2023","February","07","22:18","22",19
"787",2023-02-07 20:58:20,"2023-02-07","2023","February","07","20:58","20",19
"788",2023-02-07 20:54:22,"2023-02-07","2023","February","07","20:54","20",19
"789",2023-02-07 20:53:28,"2023-02-07","2023","February","07","20:53","20",19
"790",2023-02-07 19:58:35,"2023-02-07","2023","February","07","19:58","19",19
"791",2023-02-07 19:52:07,"2023-02-07","2023","February","07","19:52","19",19
"792",2023-02-07 18:42:54,"2023-02-07","2023","February","07","18:42","18",19
"793",2023-02-07 18:04:22,"2023-02-07","2023","February","07","18:04","18",19
"794",2023-02-07 17:49:06,"2023-02-07","2023","February","07","17:49","17",19
"795",2023-02-07 14:58:01,"2023-02-07","2023","February","07","14:58","14",19
"796",2023-02-07 14:25:15,"2023-02-07","2023","February","07","14:25","14",19
"797",2023-02-07 14:10:01,"2023-02-07","2023","February","07","14:10","14",19
"798",2023-02-07 13:51:38,"2023-02-07","2023","February","07","13:51","13",19
"799",2023-02-07 13:26:57,"2023-02-07","2023","February","07","13:26","13",19
"800",2023-02-07 05:13:23,"2023-02-07","2023","February","07","05:13","05",19
"801",2023-02-07 04:59:19,"2023-02-07","2023","February","07","04:59","04",19
"802",2023-02-07 04:10:57,"2023-02-07","2023","February","07","04:10","04",19
"803",2023-02-07 03:55:33,"2023-02-07","2023","February","07","03:55","03",19
"804",2023-02-06 22:56:14,"2023-02-06","2023","February","06","22:56","22",16
"805",2023-02-06 22:09:39,"2023-02-06","2023","February","06","22:09","22",16
"806",2023-02-06 19:01:01,"2023-02-06","2023","February","06","19:01","19",16
"807",2023-02-06 18:39:25,"2023-02-06","2023","February","06","18:39","18",16
"808",2023-02-06 18:37:51,"2023-02-06","2023","February","06","18:37","18",16
"809",2023-02-06 18:37:25,"2023-02-06","2023","February","06","18:37","18",16
"810",2023-02-06 18:07:27,"2023-02-06","2023","February","06","18:07","18",16
"811",2023-02-06 17:42:05,"2023-02-06","2023","February","06","17:42","17",16
"812",2023-02-06 15:42:48,"2023-02-06","2023","February","06","15:42","15",16
"813",2023-02-06 14:05:00,"2023-02-06","2023","February","06","14:05","14",16
"814",2023-02-06 06:53:21,"2023-02-06","2023","February","06","06:53","06",16
"815",2023-02-06 04:42:55,"2023-02-06","2023","February","06","04:42","04",16
"816",2023-02-06 04:35:10,"2023-02-06","2023","February","06","04:35","04",16
"817",2023-02-06 01:10:51,"2023-02-06","2023","February","06","01:10","01",16
"818",2023-02-06 01:01:32,"2023-02-06","2023","February","06","01:01","01",16
"819",2023-02-06 00:00:28,"2023-02-06","2023","February","06","00:00","00",16
"820",2023-02-05 23:29:43,"2023-02-05","2023","February","05","23:29","23",8
"821",2023-02-05 21:50:03,"2023-02-05","2023","February","05","21:50","21",8
"822",2023-02-05 18:53:55,"2023-02-05","2023","February","05","18:53","18",8
"823",2023-02-05 17:28:06,"2023-02-05","2023","February","05","17:28","17",8
"824",2023-02-05 15:17:37,"2023-02-05","2023","February","05","15:17","15",8
"825",2023-02-05 13:10:57,"2023-02-05","2023","February","05","13:10","13",8
"826",2023-02-05 01:07:06,"2023-02-05","2023","February","05","01:07","01",8
"827",2023-02-05 00:08:29,"2023-02-05","2023","February","05","00:08","00",8
"828",2023-02-04 23:09:04,"2023-02-04","2023","February","04","23:09","23",14
"829",2023-02-04 22:44:49,"2023-02-04","2023","February","04","22:44","22",14
"830",2023-02-04 22:08:47,"2023-02-04","2023","February","04","22:08","22",14
"831",2023-02-04 20:10:26,"2023-02-04","2023","February","04","20:10","20",14
"832",2023-02-04 20:03:43,"2023-02-04","2023","February","04","20:03","20",14
"833",2023-02-04 19:55:39,"2023-02-04","2023","February","04","19:55","19",14
"834",2023-02-04 18:01:49,"2023-02-04","2023","February","04","18:01","18",14
"835",2023-02-04 16:12:58,"2023-02-04","2023","February","04","16:12","16",14
"836",2023-02-04 12:53:07,"2023-02-04","2023","February","04","12:53","12",14
"837",2023-02-04 06:07:39,"2023-02-04","2023","February","04","06:07","06",14
"838",2023-02-04 05:59:50,"2023-02-04","2023","February","04","05:59","05",14
"839",2023-02-04 04:34:58,"2023-02-04","2023","February","04","04:34","04",14
"840",2023-02-04 03:17:35,"2023-02-04","2023","February","04","03:17","03",14
"841",2023-02-04 03:06:19,"2023-02-04","2023","February","04","03:06","03",14
"842",2023-02-03 22:54:18,"2023-02-03","2023","February","03","22:54","22",18
"843",2023-02-03 21:41:00,"2023-02-03","2023","February","03","21:41","21",18
"844",2023-02-03 20:10:42,"2023-02-03","2023","February","03","20:10","20",18
"845",2023-02-03 18:21:19,"2023-02-03","2023","February","03","18:21","18",18
"846",2023-02-03 18:10:57,"2023-02-03","2023","February","03","18:10","18",18
"847",2023-02-03 18:04:48,"2023-02-03","2023","February","03","18:04","18",18
"848",2023-02-03 17:25:52,"2023-02-03","2023","February","03","17:25","17",18
"849",2023-02-03 17:02:58,"2023-02-03","2023","February","03","17:02","17",18
"850",2023-02-03 16:58:00,"2023-02-03","2023","February","03","16:58","16",18
"851",2023-02-03 16:52:53,"2023-02-03","2023","February","03","16:52","16",18
"852",2023-02-03 16:46:09,"2023-02-03","2023","February","03","16:46","16",18
"853",2023-02-03 05:46:45,"2023-02-03","2023","February","03","05:46","05",18
"854",2023-02-03 04:11:32,"2023-02-03","2023","February","03","04:11","04",18
"855",2023-02-03 04:08:57,"2023-02-03","2023","February","03","04:08","04",18
"856",2023-02-03 03:10:51,"2023-02-03","2023","February","03","03:10","03",18
"857",2023-02-03 03:09:48,"2023-02-03","2023","February","03","03:09","03",18
"858",2023-02-03 02:31:51,"2023-02-03","2023","February","03","02:31","02",18
"859",2023-02-03 02:22:23,"2023-02-03","2023","February","03","02:22","02",18
"860",2023-02-02 23:01:57,"2023-02-02","2023","February","02","23:01","23",10
"861",2023-02-02 21:21:48,"2023-02-02","2023","February","02","21:21","21",10
"862",2023-02-02 21:17:09,"2023-02-02","2023","February","02","21:17","21",10
"863",2023-02-02 20:43:05,"2023-02-02","2023","February","02","20:43","20",10
"864",2023-02-02 14:41:00,"2023-02-02","2023","February","02","14:41","14",10
"865",2023-02-02 13:30:03,"2023-02-02","2023","February","02","13:30","13",10
"866",2023-02-02 13:05:02,"2023-02-02","2023","February","02","13:05","13",10
"867",2023-02-02 13:00:15,"2023-02-02","2023","February","02","13:00","13",10
"868",2023-02-02 06:53:51,"2023-02-02","2023","February","02","06:53","06",10
"869",2023-02-02 06:49:31,"2023-02-02","2023","February","02","06:49","06",10
"870",2023-02-01 23:14:36,"2023-02-01","2023","February","01","23:14","23",16
"871",2023-02-01 21:52:33,"2023-02-01","2023","February","01","21:52","21",16
"872",2023-02-01 19:05:53,"2023-02-01","2023","February","01","19:05","19",16
"873",2023-02-01 18:06:57,"2023-02-01","2023","February","01","18:06","18",16
"874",2023-02-01 17:28:42,"2023-02-01","2023","February","01","17:28","17",16
"875",2023-02-01 15:37:13,"2023-02-01","2023","February","01","15:37","15",16
"876",2023-02-01 13:13:58,"2023-02-01","2023","February","01","13:13","13",16
"877",2023-02-01 13:09:12,"2023-02-01","2023","February","01","13:09","13",16
"878",2023-02-01 12:57:50,"2023-02-01","2023","February","01","12:57","12",16
"879",2023-02-01 12:57:03,"2023-02-01","2023","February","01","12:57","12",16
"880",2023-02-01 10:10:21,"2023-02-01","2023","February","01","10:10","10",16
"881",2023-02-01 06:24:17,"2023-02-01","2023","February","01","06:24","06",16
"882",2023-02-01 04:54:42,"2023-02-01","2023","February","01","04:54","04",16
"883",2023-02-01 03:51:47,"2023-02-01","2023","February","01","03:51","03",16
"884",2023-02-01 02:03:44,"2023-02-01","2023","February","01","02:03","02",16
"885",2023-02-01 00:02:15,"2023-02-01","2023","February","01","00:02","00",16
"886",2023-01-31 23:10:44,"2023-01-31","2023","January","31","23:10","23",13
"887",2023-01-31 22:58:10,"2023-01-31","2023","January","31","22:58","22",13
"888",2023-01-31 19:25:36,"2023-01-31","2023","January","31","19:25","19",13
"889",2023-01-31 19:00:58,"2023-01-31","2023","January","31","19:00","19",13
"890",2023-01-31 17:04:07,"2023-01-31","2023","January","31","17:04","17",13
"891",2023-01-31 16:24:35,"2023-01-31","2023","January","31","16:24","16",13
"892",2023-01-31 16:11:43,"2023-01-31","2023","January","31","16:11","16",13
"893",2023-01-31 15:52:48,"2023-01-31","2023","January","31","15:52","15",13
"894",2023-01-31 14:03:07,"2023-01-31","2023","January","31","14:03","14",13
"895",2023-01-31 09:02:52,"2023-01-31","2023","January","31","09:02","09",13
"896",2023-01-31 04:09:13,"2023-01-31","2023","January","31","04:09","04",13
"897",2023-01-31 03:05:37,"2023-01-31","2023","January","31","03:05","03",13
"898",2023-01-31 01:56:49,"2023-01-31","2023","January","31","01:56","01",13
"899",2023-01-30 23:52:14,"2023-01-30","2023","January","30","23:52","23",15
"900",2023-01-30 22:47:17,"2023-01-30","2023","January","30","22:47","22",15
"901",2023-01-30 21:56:23,"2023-01-30","2023","January","30","21:56","21",15
"902",2023-01-30 21:12:20,"2023-01-30","2023","January","30","21:12","21",15
"903",2023-01-30 20:40:48,"2023-01-30","2023","January","30","20:40","20",15
"904",2023-01-30 20:16:16,"2023-01-30","2023","January","30","20:16","20",15
"905",2023-01-30 19:06:22,"2023-01-30","2023","January","30","19:06","19",15
"906",2023-01-30 19:05:23,"2023-01-30","2023","January","30","19:05","19",15
"907",2023-01-30 17:54:13,"2023-01-30","2023","January","30","17:54","17",15
"908",2023-01-30 15:17:46,"2023-01-30","2023","January","30","15:17","15",15
"909",2023-01-30 15:12:56,"2023-01-30","2023","January","30","15:12","15",15
"910",2023-01-30 13:19:15,"2023-01-30","2023","January","30","13:19","13",15
"911",2023-01-30 06:21:50,"2023-01-30","2023","January","30","06:21","06",15
"912",2023-01-30 04:14:25,"2023-01-30","2023","January","30","04:14","04",15
"913",2023-01-30 02:07:39,"2023-01-30","2023","January","30","02:07","02",15
"914",2023-01-29 20:02:31,"2023-01-29","2023","January","29","20:02","20",6
"915",2023-01-29 17:51:58,"2023-01-29","2023","January","29","17:51","17",6
"916",2023-01-29 13:04:03,"2023-01-29","2023","January","29","13:04","13",6
"917",2023-01-29 12:19:30,"2023-01-29","2023","January","29","12:19","12",6
"918",2023-01-29 09:08:34,"2023-01-29","2023","January","29","09:08","09",6
"919",2023-01-29 03:45:49,"2023-01-29","2023","January","29","03:45","03",6
"920",2023-01-28 23:15:39,"2023-01-28","2023","January","28","23:15","23",14
"921",2023-01-28 22:48:48,"2023-01-28","2023","January","28","22:48","22",14
"922",2023-01-28 20:15:57,"2023-01-28","2023","January","28","20:15","20",14
"923",2023-01-28 17:08:34,"2023-01-28","2023","January","28","17:08","17",14
"924",2023-01-28 16:54:41,"2023-01-28","2023","January","28","16:54","16",14
"925",2023-01-28 16:37:28,"2023-01-28","2023","January","28","16:37","16",14
"926",2023-01-28 15:52:33,"2023-01-28","2023","January","28","15:52","15",14
"927",2023-01-28 15:30:32,"2023-01-28","2023","January","28","15:30","15",14
"928",2023-01-28 15:29:30,"2023-01-28","2023","January","28","15:29","15",14
"929",2023-01-28 14:34:46,"2023-01-28","2023","January","28","14:34","14",14
"930",2023-01-28 13:04:59,"2023-01-28","2023","January","28","13:04","13",14
"931",2023-01-28 13:04:39,"2023-01-28","2023","January","28","13:04","13",14
"932",2023-01-28 07:44:51,"2023-01-28","2023","January","28","07:44","07",14
"933",2023-01-28 02:00:21,"2023-01-28","2023","January","28","02:00","02",14
"934",2023-01-27 23:21:16,"2023-01-27","2023","January","27","23:21","23",18
"935",2023-01-27 23:04:15,"2023-01-27","2023","January","27","23:04","23",18
"936",2023-01-27 20:24:37,"2023-01-27","2023","January","27","20:24","20",18
"937",2023-01-27 20:20:29,"2023-01-27","2023","January","27","20:20","20",18
"938",2023-01-27 20:04:48,"2023-01-27","2023","January","27","20:04","20",18
"939",2023-01-27 19:00:52,"2023-01-27","2023","January","27","19:00","19",18
"940",2023-01-27 18:40:17,"2023-01-27","2023","January","27","18:40","18",18
"941",2023-01-27 17:25:16,"2023-01-27","2023","January","27","17:25","17",18
"942",2023-01-27 16:54:45,"2023-01-27","2023","January","27","16:54","16",18
"943",2023-01-27 16:28:15,"2023-01-27","2023","January","27","16:28","16",18
"944",2023-01-27 15:00:20,"2023-01-27","2023","January","27","15:00","15",18
"945",2023-01-27 11:44:51,"2023-01-27","2023","January","27","11:44","11",18
"946",2023-01-27 10:46:08,"2023-01-27","2023","January","27","10:46","10",18
"947",2023-01-27 08:16:21,"2023-01-27","2023","January","27","08:16","08",18
"948",2023-01-27 01:38:38,"2023-01-27","2023","January","27","01:38","01",18
"949",2023-01-27 01:00:20,"2023-01-27","2023","January","27","01:00","01",18
"950",2023-01-27 00:47:48,"2023-01-27","2023","January","27","00:47","00",18
"951",2023-01-27 00:08:37,"2023-01-27","2023","January","27","00:08","00",18
"952",2023-01-26 23:38:43,"2023-01-26","2023","January","26","23:38","23",17
"953",2023-01-26 22:35:47,"2023-01-26","2023","January","26","22:35","22",17
"954",2023-01-26 21:45:27,"2023-01-26","2023","January","26","21:45","21",17
"955",2023-01-26 21:00:42,"2023-01-26","2023","January","26","21:00","21",17
"956",2023-01-26 20:57:09,"2023-01-26","2023","January","26","20:57","20",17
"957",2023-01-26 20:26:10,"2023-01-26","2023","January","26","20:26","20",17
"958",2023-01-26 19:31:51,"2023-01-26","2023","January","26","19:31","19",17
"959",2023-01-26 18:18:05,"2023-01-26","2023","January","26","18:18","18",17
"960",2023-01-26 16:40:02,"2023-01-26","2023","January","26","16:40","16",17
"961",2023-01-26 15:37:51,"2023-01-26","2023","January","26","15:37","15",17
"962",2023-01-26 15:03:24,"2023-01-26","2023","January","26","15:03","15",17
"963",2023-01-26 14:10:14,"2023-01-26","2023","January","26","14:10","14",17
"964",2023-01-26 14:00:06,"2023-01-26","2023","January","26","14:00","14",17
"965",2023-01-26 02:54:16,"2023-01-26","2023","January","26","02:54","02",17
"966",2023-01-26 02:32:04,"2023-01-26","2023","January","26","02:32","02",17
"967",2023-01-26 02:25:03,"2023-01-26","2023","January","26","02:25","02",17
"968",2023-01-26 00:49:58,"2023-01-26","2023","January","26","00:49","00",17
"969",2023-01-25 20:51:37,"2023-01-25","2023","January","25","20:51","20",8
"970",2023-01-25 19:34:26,"2023-01-25","2023","January","25","19:34","19",8
"971",2023-01-25 18:02:14,"2023-01-25","2023","January","25","18:02","18",8
"972",2023-01-25 18:00:40,"2023-01-25","2023","January","25","18:00","18",8
"973",2023-01-25 15:38:59,"2023-01-25","2023","January","25","15:38","15",8
"974",2023-01-25 15:38:54,"2023-01-25","2023","January","25","15:38","15",8
"975",2023-01-25 05:49:25,"2023-01-25","2023","January","25","05:49","05",8
"976",2023-01-25 03:38:18,"2023-01-25","2023","January","25","03:38","03",8
"977",2023-01-24 22:07:45,"2023-01-24","2023","January","24","22:07","22",13
"978",2023-01-24 21:38:42,"2023-01-24","2023","January","24","21:38","21",13
"979",2023-01-24 21:03:08,"2023-01-24","2023","January","24","21:03","21",13
"980",2023-01-24 17:00:31,"2023-01-24","2023","January","24","17:00","17",13
"981",2023-01-24 16:08:38,"2023-01-24","2023","January","24","16:08","16",13
"982",2023-01-24 15:13:54,"2023-01-24","2023","January","24","15:13","15",13
"983",2023-01-24 12:51:40,"2023-01-24","2023","January","24","12:51","12",13
"984",2023-01-24 12:25:21,"2023-01-24","2023","January","24","12:25","12",13
"985",2023-01-24 05:43:02,"2023-01-24","2023","January","24","05:43","05",13
"986",2023-01-24 03:44:53,"2023-01-24","2023","January","24","03:44","03",13
"987",2023-01-24 03:03:58,"2023-01-24","2023","January","24","03:03","03",13
"988",2023-01-24 01:14:19,"2023-01-24","2023","January","24","01:14","01",13
"989",2023-01-24 00:51:54,"2023-01-24","2023","January","24","00:51","00",13
"990",2023-01-23 23:00:44,"2023-01-23","2023","January","23","23:00","23",8
"991",2023-01-23 22:08:37,"2023-01-23","2023","January","23","22:08","22",8
"992",2023-01-23 21:21:56,"2023-01-23","2023","January","23","21:21","21",8
"993",2023-01-23 17:11:34,"2023-01-23","2023","January","23","17:11","17",8
"994",2023-01-23 16:30:27,"2023-01-23","2023","January","23","16:30","16",8
"995",2023-01-23 14:57:12,"2023-01-23","2023","January","23","14:57","14",8
"996",2023-01-23 13:17:40,"2023-01-23","2023","January","23","13:17","13",8
"997",2023-01-23 05:48:51,"2023-01-23","2023","January","23","05:48","05",8
"998",2023-01-22 23:45:36,"2023-01-22","2023","January","22","23:45","23",13
"999",2023-01-22 23:31:42,"2023-01-22","2023","January","22","23:31","23",13
"1000",2023-01-22 22:23:21,"2023-01-22","2023","January","22","22:23","22",13
"1001",2023-01-22 20:57:14,"2023-01-22","2023","January","22","20:57","20",13
"1002",2023-01-22 20:34:27,"2023-01-22","2023","January","22","20:34","20",13
"1003",2023-01-22 20:11:39,"2023-01-22","2023","January","22","20:11","20",13
"1004",2023-01-22 20:09:56,"2023-01-22","2023","January","22","20:09","20",13
"1005",2023-01-22 18:44:06,"2023-01-22","2023","January","22","18:44","18",13
"1006",2023-01-22 16:45:36,"2023-01-22","2023","January","22","16:45","16",13
"1007",2023-01-22 09:27:41,"2023-01-22","2023","January","22","09:27","09",13
"1008",2023-01-22 06:51:25,"2023-01-22","2023","January","22","06:51","06",13
"1009",2023-01-22 05:48:04,"2023-01-22","2023","January","22","05:48","05",13
"1010",2023-01-22 00:32:46,"2023-01-22","2023","January","22","00:32","00",13
"1011",2023-01-21 21:25:07,"2023-01-21","2023","January","21","21:25","21",14
"1012",2023-01-21 20:37:01,"2023-01-21","2023","January","21","20:37","20",14
"1013",2023-01-21 19:41:45,"2023-01-21","2023","January","21","19:41","19",14
"1014",2023-01-21 18:43:27,"2023-01-21","2023","January","21","18:43","18",14
"1015",2023-01-21 17:40:01,"2023-01-21","2023","January","21","17:40","17",14
"1016",2023-01-21 15:32:53,"2023-01-21","2023","January","21","15:32","15",14
"1017",2023-01-21 15:06:33,"2023-01-21","2023","January","21","15:06","15",14
"1018",2023-01-21 14:31:40,"2023-01-21","2023","January","21","14:31","14",14
"1019",2023-01-21 11:24:05,"2023-01-21","2023","January","21","11:24","11",14
"1020",2023-01-21 08:01:38,"2023-01-21","2023","January","21","08:01","08",14
"1021",2023-01-21 06:01:14,"2023-01-21","2023","January","21","06:01","06",14
"1022",2023-01-21 05:59:09,"2023-01-21","2023","January","21","05:59","05",14
"1023",2023-01-21 02:33:03,"2023-01-21","2023","January","21","02:33","02",14
"1024",2023-01-21 02:06:33,"2023-01-21","2023","January","21","02:06","02",14
"1025",2023-01-20 23:00:16,"2023-01-20","2023","January","20","23:00","23",14
"1026",2023-01-20 21:49:35,"2023-01-20","2023","January","20","21:49","21",14
"1027",2023-01-20 17:49:20,"2023-01-20","2023","January","20","17:49","17",14
"1028",2023-01-20 17:31:39,"2023-01-20","2023","January","20","17:31","17",14
"1029",2023-01-20 16:42:56,"2023-01-20","2023","January","20","16:42","16",14
"1030",2023-01-20 15:57:46,"2023-01-20","2023","January","20","15:57","15",14
"1031",2023-01-20 15:37:48,"2023-01-20","2023","January","20","15:37","15",14
"1032",2023-01-20 14:32:27,"2023-01-20","2023","January","20","14:32","14",14
"1033",2023-01-20 12:39:17,"2023-01-20","2023","January","20","12:39","12",14
"1034",2023-01-20 11:47:24,"2023-01-20","2023","January","20","11:47","11",14
"1035",2023-01-20 09:09:03,"2023-01-20","2023","January","20","09:09","09",14
"1036",2023-01-20 06:50:34,"2023-01-20","2023","January","20","06:50","06",14
"1037",2023-01-20 04:34:06,"2023-01-20","2023","January","20","04:34","04",14
"1038",2023-01-20 00:06:43,"2023-01-20","2023","January","20","00:06","00",14
"1039",2023-01-19 22:56:59,"2023-01-19","2023","January","19","22:56","22",21
"1040",2023-01-19 22:34:37,"2023-01-19","2023","January","19","22:34","22",21
"1041",2023-01-19 20:46:30,"2023-01-19","2023","January","19","20:46","20",21
"1042",2023-01-19 20:35:11,"2023-01-19","2023","January","19","20:35","20",21
"1043",2023-01-19 18:40:27,"2023-01-19","2023","January","19","18:40","18",21
"1044",2023-01-19 18:14:57,"2023-01-19","2023","January","19","18:14","18",21
"1045",2023-01-19 17:00:33,"2023-01-19","2023","January","19","17:00","17",21
"1046",2023-01-19 16:11:12,"2023-01-19","2023","January","19","16:11","16",21
"1047",2023-01-19 15:26:29,"2023-01-19","2023","January","19","15:26","15",21
"1048",2023-01-19 15:23:14,"2023-01-19","2023","January","19","15:23","15",21
"1049",2023-01-19 15:16:59,"2023-01-19","2023","January","19","15:16","15",21
"1050",2023-01-19 15:12:32,"2023-01-19","2023","January","19","15:12","15",21
"1051",2023-01-19 13:08:03,"2023-01-19","2023","January","19","13:08","13",21
"1052",2023-01-19 13:05:45,"2023-01-19","2023","January","19","13:05","13",21
"1053",2023-01-19 12:36:10,"2023-01-19","2023","January","19","12:36","12",21
"1054",2023-01-19 12:14:30,"2023-01-19","2023","January","19","12:14","12",21
"1055",2023-01-19 03:55:52,"2023-01-19","2023","January","19","03:55","03",21
"1056",2023-01-19 01:27:57,"2023-01-19","2023","January","19","01:27","01",21
"1057",2023-01-19 00:59:39,"2023-01-19","2023","January","19","00:59","00",21
"1058",2023-01-19 00:57:50,"2023-01-19","2023","January","19","00:57","00",21
"1059",2023-01-19 00:38:22,"2023-01-19","2023","January","19","00:38","00",21
"1060",2023-01-18 23:20:24,"2023-01-18","2023","January","18","23:20","23",19
"1061",2023-01-18 23:00:16,"2023-01-18","2023","January","18","23:00","23",19
"1062",2023-01-18 22:46:21,"2023-01-18","2023","January","18","22:46","22",19
"1063",2023-01-18 20:51:55,"2023-01-18","2023","January","18","20:51","20",19
"1064",2023-01-18 20:11:00,"2023-01-18","2023","January","18","20:11","20",19
"1065",2023-01-18 19:50:06,"2023-01-18","2023","January","18","19:50","19",19
"1066",2023-01-18 19:32:21,"2023-01-18","2023","January","18","19:32","19",19
"1067",2023-01-18 19:31:04,"2023-01-18","2023","January","18","19:31","19",19
"1068",2023-01-18 19:30:15,"2023-01-18","2023","January","18","19:30","19",19
"1069",2023-01-18 18:41:41,"2023-01-18","2023","January","18","18:41","18",19
"1070",2023-01-18 14:53:06,"2023-01-18","2023","January","18","14:53","14",19
"1071",2023-01-18 13:10:00,"2023-01-18","2023","January","18","13:10","13",19
"1072",2023-01-18 12:56:18,"2023-01-18","2023","January","18","12:56","12",19
"1073",2023-01-18 11:05:32,"2023-01-18","2023","January","18","11:05","11",19
"1074",2023-01-18 05:36:30,"2023-01-18","2023","January","18","05:36","05",19
"1075",2023-01-18 03:49:27,"2023-01-18","2023","January","18","03:49","03",19
"1076",2023-01-18 02:43:37,"2023-01-18","2023","January","18","02:43","02",19
"1077",2023-01-18 02:19:38,"2023-01-18","2023","January","18","02:19","02",19
"1078",2023-01-18 00:45:57,"2023-01-18","2023","January","18","00:45","00",19
"1079",2023-01-17 23:27:06,"2023-01-17","2023","January","17","23:27","23",19
"1080",2023-01-17 22:45:11,"2023-01-17","2023","January","17","22:45","22",19
"1081",2023-01-17 21:40:01,"2023-01-17","2023","January","17","21:40","21",19
"1082",2023-01-17 21:10:26,"2023-01-17","2023","January","17","21:10","21",19
"1083",2023-01-17 20:47:56,"2023-01-17","2023","January","17","20:47","20",19
"1084",2023-01-17 20:21:58,"2023-01-17","2023","January","17","20:21","20",19
"1085",2023-01-17 19:27:30,"2023-01-17","2023","January","17","19:27","19",19
"1086",2023-01-17 19:23:38,"2023-01-17","2023","January","17","19:23","19",19
"1087",2023-01-17 18:58:51,"2023-01-17","2023","January","17","18:58","18",19
"1088",2023-01-17 18:34:42,"2023-01-17","2023","January","17","18:34","18",19
"1089",2023-01-17 15:04:46,"2023-01-17","2023","January","17","15:04","15",19
"1090",2023-01-17 14:48:55,"2023-01-17","2023","January","17","14:48","14",19
"1091",2023-01-17 14:03:00,"2023-01-17","2023","January","17","14:03","14",19
"1092",2023-01-17 06:21:27,"2023-01-17","2023","January","17","06:21","06",19
"1093",2023-01-17 04:03:40,"2023-01-17","2023","January","17","04:03","04",19
"1094",2023-01-17 03:32:25,"2023-01-17","2023","January","17","03:32","03",19
"1095",2023-01-17 01:29:58,"2023-01-17","2023","January","17","01:29","01",19
"1096",2023-01-17 01:23:59,"2023-01-17","2023","January","17","01:23","01",19
"1097",2023-01-17 00:50:46,"2023-01-17","2023","January","17","00:50","00",19
"1098",2023-01-16 21:37:42,"2023-01-16","2023","January","16","21:37","21",14
"1099",2023-01-16 20:32:21,"2023-01-16","2023","January","16","20:32","20",14
"1100",2023-01-16 19:34:42,"2023-01-16","2023","January","16","19:34","19",14
"1101",2023-01-16 19:33:19,"2023-01-16","2023","January","16","19:33","19",14
"1102",2023-01-16 19:02:10,"2023-01-16","2023","January","16","19:02","19",14
"1103",2023-01-16 17:49:38,"2023-01-16","2023","January","16","17:49","17",14
"1104",2023-01-16 17:30:43,"2023-01-16","2023","January","16","17:30","17",14
"1105",2023-01-16 17:19:34,"2023-01-16","2023","January","16","17:19","17",14
"1106",2023-01-16 15:16:32,"2023-01-16","2023","January","16","15:16","15",14
"1107",2023-01-16 14:56:41,"2023-01-16","2023","January","16","14:56","14",14
"1108",2023-01-16 14:55:12,"2023-01-16","2023","January","16","14:55","14",14
"1109",2023-01-16 13:48:49,"2023-01-16","2023","January","16","13:48","13",14
"1110",2023-01-16 01:42:29,"2023-01-16","2023","January","16","01:42","01",14
"1111",2023-01-16 01:34:55,"2023-01-16","2023","January","16","01:34","01",14
"1112",2023-01-15 21:19:30,"2023-01-15","2023","January","15","21:19","21",11
"1113",2023-01-15 19:41:22,"2023-01-15","2023","January","15","19:41","19",11
"1114",2023-01-15 19:13:28,"2023-01-15","2023","January","15","19:13","19",11
"1115",2023-01-15 18:29:15,"2023-01-15","2023","January","15","18:29","18",11
"1116",2023-01-15 18:06:06,"2023-01-15","2023","January","15","18:06","18",11
"1117",2023-01-15 17:30:53,"2023-01-15","2023","January","15","17:30","17",11
"1118",2023-01-15 17:09:51,"2023-01-15","2023","January","15","17:09","17",11
"1119",2023-01-15 15:46:58,"2023-01-15","2023","January","15","15:46","15",11
"1120",2023-01-15 14:08:24,"2023-01-15","2023","January","15","14:08","14",11
"1121",2023-01-15 00:46:46,"2023-01-15","2023","January","15","00:46","00",11
"1122",2023-01-15 00:07:07,"2023-01-15","2023","January","15","00:07","00",11
"1123",2023-01-14 21:10:04,"2023-01-14","2023","January","14","21:10","21",9
"1124",2023-01-14 20:34:36,"2023-01-14","2023","January","14","20:34","20",9
"1125",2023-01-14 19:27:55,"2023-01-14","2023","January","14","19:27","19",9
"1126",2023-01-14 18:50:32,"2023-01-14","2023","January","14","18:50","18",9
"1127",2023-01-14 17:16:03,"2023-01-14","2023","January","14","17:16","17",9
"1128",2023-01-14 11:31:30,"2023-01-14","2023","January","14","11:31","11",9
"1129",2023-01-14 06:15:30,"2023-01-14","2023","January","14","06:15","06",9
"1130",2023-01-14 03:56:55,"2023-01-14","2023","January","14","03:56","03",9
"1131",2023-01-14 02:39:01,"2023-01-14","2023","January","14","02:39","02",9
"1132",2023-01-13 23:40:37,"2023-01-13","2023","January","13","23:40","23",22
"1133",2023-01-13 22:07:33,"2023-01-13","2023","January","13","22:07","22",22
"1134",2023-01-13 20:30:43,"2023-01-13","2023","January","13","20:30","20",22
"1135",2023-01-13 20:21:03,"2023-01-13","2023","January","13","20:21","20",22
"1136",2023-01-13 20:08:29,"2023-01-13","2023","January","13","20:08","20",22
"1137",2023-01-13 18:44:26,"2023-01-13","2023","January","13","18:44","18",22
"1138",2023-01-13 17:08:27,"2023-01-13","2023","January","13","17:08","17",22
"1139",2023-01-13 17:07:33,"2023-01-13","2023","January","13","17:07","17",22
"1140",2023-01-13 16:49:48,"2023-01-13","2023","January","13","16:49","16",22
"1141",2023-01-13 16:47:49,"2023-01-13","2023","January","13","16:47","16",22
"1142",2023-01-13 16:23:17,"2023-01-13","2023","January","13","16:23","16",22
"1143",2023-01-13 16:16:28,"2023-01-13","2023","January","13","16:16","16",22
"1144",2023-01-13 15:51:59,"2023-01-13","2023","January","13","15:51","15",22
"1145",2023-01-13 15:21:42,"2023-01-13","2023","January","13","15:21","15",22
"1146",2023-01-13 14:17:56,"2023-01-13","2023","January","13","14:17","14",22
"1147",2023-01-13 12:38:47,"2023-01-13","2023","January","13","12:38","12",22
"1148",2023-01-13 12:38:36,"2023-01-13","2023","January","13","12:38","12",22
"1149",2023-01-13 09:02:37,"2023-01-13","2023","January","13","09:02","09",22
"1150",2023-01-13 07:55:20,"2023-01-13","2023","January","13","07:55","07",22
"1151",2023-01-13 04:02:20,"2023-01-13","2023","January","13","04:02","04",22
"1152",2023-01-13 03:55:16,"2023-01-13","2023","January","13","03:55","03",22
"1153",2023-01-13 01:39:25,"2023-01-13","2023","January","13","01:39","01",22
"1154",2023-01-12 23:26:21,"2023-01-12","2023","January","12","23:26","23",14
"1155",2023-01-12 21:53:08,"2023-01-12","2023","January","12","21:53","21",14
"1156",2023-01-12 21:37:46,"2023-01-12","2023","January","12","21:37","21",14
"1157",2023-01-12 18:48:58,"2023-01-12","2023","January","12","18:48","18",14
"1158",2023-01-12 17:51:10,"2023-01-12","2023","January","12","17:51","17",14
"1159",2023-01-12 16:15:27,"2023-01-12","2023","January","12","16:15","16",14
"1160",2023-01-12 15:49:08,"2023-01-12","2023","January","12","15:49","15",14
"1161",2023-01-12 14:11:55,"2023-01-12","2023","January","12","14:11","14",14
"1162",2023-01-12 13:39:45,"2023-01-12","2023","January","12","13:39","13",14
"1163",2023-01-12 07:12:29,"2023-01-12","2023","January","12","07:12","07",14
"1164",2023-01-12 03:44:51,"2023-01-12","2023","January","12","03:44","03",14
"1165",2023-01-12 03:30:32,"2023-01-12","2023","January","12","03:30","03",14
"1166",2023-01-12 02:57:37,"2023-01-12","2023","January","12","02:57","02",14
"1167",2023-01-12 00:40:49,"2023-01-12","2023","January","12","00:40","00",14
"1168",2023-01-11 21:59:09,"2023-01-11","2023","January","11","21:59","21",10
"1169",2023-01-11 13:53:44,"2023-01-11","2023","January","11","13:53","13",10
"1170",2023-01-11 13:50:06,"2023-01-11","2023","January","11","13:50","13",10
"1171",2023-01-11 13:12:03,"2023-01-11","2023","January","11","13:12","13",10
"1172",2023-01-11 05:21:09,"2023-01-11","2023","January","11","05:21","05",10
"1173",2023-01-11 02:45:03,"2023-01-11","2023","January","11","02:45","02",10
"1174",2023-01-11 01:50:19,"2023-01-11","2023","January","11","01:50","01",10
"1175",2023-01-11 01:27:15,"2023-01-11","2023","January","11","01:27","01",10
"1176",2023-01-11 01:10:43,"2023-01-11","2023","January","11","01:10","01",10
"1177",2023-01-11 00:53:16,"2023-01-11","2023","January","11","00:53","00",10
"1178",2023-01-10 22:33:40,"2023-01-10","2023","January","10","22:33","22",12
"1179",2023-01-10 20:31:52,"2023-01-10","2023","January","10","20:31","20",12
"1180",2023-01-10 20:03:12,"2023-01-10","2023","January","10","20:03","20",12
"1181",2023-01-10 17:44:19,"2023-01-10","2023","January","10","17:44","17",12
"1182",2023-01-10 15:31:33,"2023-01-10","2023","January","10","15:31","15",12
"1183",2023-01-10 13:57:50,"2023-01-10","2023","January","10","13:57","13",12
"1184",2023-01-10 13:48:51,"2023-01-10","2023","January","10","13:48","13",12
"1185",2023-01-10 13:09:40,"2023-01-10","2023","January","10","13:09","13",12
"1186",2023-01-10 05:24:33,"2023-01-10","2023","January","10","05:24","05",12
"1187",2023-01-10 04:05:17,"2023-01-10","2023","January","10","04:05","04",12
"1188",2023-01-10 03:55:57,"2023-01-10","2023","January","10","03:55","03",12
"1189",2023-01-10 02:20:47,"2023-01-10","2023","January","10","02:20","02",12
"1190",2023-01-09 22:32:19,"2023-01-09","2023","January","09","22:32","22",21
"1191",2023-01-09 21:54:25,"2023-01-09","2023","January","09","21:54","21",21
"1192",2023-01-09 21:31:26,"2023-01-09","2023","January","09","21:31","21",21
"1193",2023-01-09 21:21:03,"2023-01-09","2023","January","09","21:21","21",21
"1194",2023-01-09 19:30:57,"2023-01-09","2023","January","09","19:30","19",21
"1195",2023-01-09 19:30:21,"2023-01-09","2023","January","09","19:30","19",21
"1196",2023-01-09 19:25:10,"2023-01-09","2023","January","09","19:25","19",21
"1197",2023-01-09 18:51:53,"2023-01-09","2023","January","09","18:51","18",21
"1198",2023-01-09 18:29:45,"2023-01-09","2023","January","09","18:29","18",21
"1199",2023-01-09 18:22:22,"2023-01-09","2023","January","09","18:22","18",21
"1200",2023-01-09 17:40:05,"2023-01-09","2023","January","09","17:40","17",21
"1201",2023-01-09 17:16:45,"2023-01-09","2023","January","09","17:16","17",21
"1202",2023-01-09 17:05:10,"2023-01-09","2023","January","09","17:05","17",21
"1203",2023-01-09 14:54:36,"2023-01-09","2023","January","09","14:54","14",21
"1204",2023-01-09 14:36:12,"2023-01-09","2023","January","09","14:36","14",21
"1205",2023-01-09 14:31:45,"2023-01-09","2023","January","09","14:31","14",21
"1206",2023-01-09 14:23:30,"2023-01-09","2023","January","09","14:23","14",21
"1207",2023-01-09 14:07:34,"2023-01-09","2023","January","09","14:07","14",21
"1208",2023-01-09 11:04:14,"2023-01-09","2023","January","09","11:04","11",21
"1209",2023-01-09 03:18:35,"2023-01-09","2023","January","09","03:18","03",21
"1210",2023-01-09 03:13:26,"2023-01-09","2023","January","09","03:13","03",21
"1211",2023-01-08 18:40:40,"2023-01-08","2023","January","08","18:40","18",8
"1212",2023-01-08 15:52:59,"2023-01-08","2023","January","08","15:52","15",8
"1213",2023-01-08 08:07:20,"2023-01-08","2023","January","08","08:07","08",8
"1214",2023-01-08 02:29:13,"2023-01-08","2023","January","08","02:29","02",8
"1215",2023-01-08 02:26:33,"2023-01-08","2023","January","08","02:26","02",8
"1216",2023-01-08 02:19:20,"2023-01-08","2023","January","08","02:19","02",8
"1217",2023-01-08 02:08:23,"2023-01-08","2023","January","08","02:08","02",8
"1218",2023-01-08 01:56:11,"2023-01-08","2023","January","08","01:56","01",8
"1219",2023-01-07 20:41:54,"2023-01-07","2023","January","07","20:41","20",9
"1220",2023-01-07 20:15:52,"2023-01-07","2023","January","07","20:15","20",9
"1221",2023-01-07 18:28:54,"2023-01-07","2023","January","07","18:28","18",9
"1222",2023-01-07 13:48:00,"2023-01-07","2023","January","07","13:48","13",9
"1223",2023-01-07 07:29:11,"2023-01-07","2023","January","07","07:29","07",9
"1224",2023-01-07 04:20:00,"2023-01-07","2023","January","07","04:20","04",9
"1225",2023-01-07 03:37:11,"2023-01-07","2023","January","07","03:37","03",9
"1226",2023-01-07 03:19:05,"2023-01-07","2023","January","07","03:19","03",9
"1227",2023-01-07 00:58:42,"2023-01-07","2023","January","07","00:58","00",9
"1228",2023-01-06 23:47:29,"2023-01-06","2023","January","06","23:47","23",13
"1229",2023-01-06 23:21:29,"2023-01-06","2023","January","06","23:21","23",13
"1230",2023-01-06 23:06:26,"2023-01-06","2023","January","06","23:06","23",13
"1231",2023-01-06 23:03:09,"2023-01-06","2023","January","06","23:03","23",13
"1232",2023-01-06 22:18:08,"2023-01-06","2023","January","06","22:18","22",13
"1233",2023-01-06 21:32:04,"2023-01-06","2023","January","06","21:32","21",13
"1234",2023-01-06 21:28:32,"2023-01-06","2023","January","06","21:28","21",13
"1235",2023-01-06 19:23:53,"2023-01-06","2023","January","06","19:23","19",13
"1236",2023-01-06 18:31:00,"2023-01-06","2023","January","06","18:31","18",13
"1237",2023-01-06 16:42:38,"2023-01-06","2023","January","06","16:42","16",13
"1238",2023-01-06 16:36:47,"2023-01-06","2023","January","06","16:36","16",13
"1239",2023-01-06 15:28:24,"2023-01-06","2023","January","06","15:28","15",13
"1240",2023-01-06 00:33:40,"2023-01-06","2023","January","06","00:33","00",13
"1241",2023-01-05 19:46:27,"2023-01-05","2023","January","05","19:46","19",10
"1242",2023-01-05 18:36:08,"2023-01-05","2023","January","05","18:36","18",10
"1243",2023-01-05 17:01:58,"2023-01-05","2023","January","05","17:01","17",10
"1244",2023-01-05 16:30:00,"2023-01-05","2023","January","05","16:30","16",10
"1245",2023-01-05 16:25:00,"2023-01-05","2023","January","05","16:25","16",10
"1246",2023-01-05 15:02:23,"2023-01-05","2023","January","05","15:02","15",10
"1247",2023-01-05 10:27:20,"2023-01-05","2023","January","05","10:27","10",10
"1248",2023-01-05 03:51:50,"2023-01-05","2023","January","05","03:51","03",10
"1249",2023-01-05 02:04:46,"2023-01-05","2023","January","05","02:04","02",10
"1250",2023-01-05 00:07:53,"2023-01-05","2023","January","05","00:07","00",10
"1251",2023-01-04 22:53:37,"2023-01-04","2023","January","04","22:53","22",21
"1252",2023-01-04 21:03:48,"2023-01-04","2023","January","04","21:03","21",21
"1253",2023-01-04 20:43:16,"2023-01-04","2023","January","04","20:43","20",21
"1254",2023-01-04 19:22:48,"2023-01-04","2023","January","04","19:22","19",21
"1255",2023-01-04 18:22:54,"2023-01-04","2023","January","04","18:22","18",21
"1256",2023-01-04 18:03:38,"2023-01-04","2023","January","04","18:03","18",21
"1257",2023-01-04 17:21:45,"2023-01-04","2023","January","04","17:21","17",21
"1258",2023-01-04 16:26:01,"2023-01-04","2023","January","04","16:26","16",21
"1259",2023-01-04 16:20:09,"2023-01-04","2023","January","04","16:20","16",21
"1260",2023-01-04 16:17:01,"2023-01-04","2023","January","04","16:17","16",21
"1261",2023-01-04 15:59:39,"2023-01-04","2023","January","04","15:59","15",21
"1262",2023-01-04 15:47:58,"2023-01-04","2023","January","04","15:47","15",21
"1263",2023-01-04 14:55:20,"2023-01-04","2023","January","04","14:55","14",21
"1264",2023-01-04 14:18:17,"2023-01-04","2023","January","04","14:18","14",21
"1265",2023-01-04 14:08:48,"2023-01-04","2023","January","04","14:08","14",21
"1266",2023-01-04 13:06:40,"2023-01-04","2023","January","04","13:06","13",21
"1267",2023-01-04 12:53:02,"2023-01-04","2023","January","04","12:53","12",21
"1268",2023-01-04 12:06:54,"2023-01-04","2023","January","04","12:06","12",21
"1269",2023-01-04 11:42:15,"2023-01-04","2023","January","04","11:42","11",21
"1270",2023-01-04 05:01:52,"2023-01-04","2023","January","04","05:01","05",21
"1271",2023-01-04 03:43:46,"2023-01-04","2023","January","04","03:43","03",21
"1272",2023-01-03 23:00:10,"2023-01-03","2023","January","03","23:00","23",13
"1273",2023-01-03 19:32:33,"2023-01-03","2023","January","03","19:32","19",13
"1274",2023-01-03 19:21:53,"2023-01-03","2023","January","03","19:21","19",13
"1275",2023-01-03 18:13:56,"2023-01-03","2023","January","03","18:13","18",13
"1276",2023-01-03 17:10:23,"2023-01-03","2023","January","03","17:10","17",13
"1277",2023-01-03 16:25:06,"2023-01-03","2023","January","03","16:25","16",13
"1278",2023-01-03 16:10:37,"2023-01-03","2023","January","03","16:10","16",13
"1279",2023-01-03 15:55:42,"2023-01-03","2023","January","03","15:55","15",13
"1280",2023-01-03 14:51:16,"2023-01-03","2023","January","03","14:51","14",13
"1281",2023-01-03 12:53:30,"2023-01-03","2023","January","03","12:53","12",13
"1282",2023-01-03 07:59:13,"2023-01-03","2023","January","03","07:59","07",13
"1283",2023-01-03 05:03:15,"2023-01-03","2023","January","03","05:03","05",13
"1284",2023-01-03 04:18:49,"2023-01-03","2023","January","03","04:18","04",13
"1285",2023-01-02 22:07:06,"2023-01-02","2023","January","02","22:07","22",8
"1286",2023-01-02 21:41:48,"2023-01-02","2023","January","02","21:41","21",8
"1287",2023-01-02 20:03:14,"2023-01-02","2023","January","02","20:03","20",8
"1288",2023-01-02 19:19:44,"2023-01-02","2023","January","02","19:19","19",8
"1289",2023-01-02 15:07:58,"2023-01-02","2023","January","02","15:07","15",8
"1290",2023-01-02 14:06:09,"2023-01-02","2023","January","02","14:06","14",8
"1291",2023-01-02 12:22:50,"2023-01-02","2023","January","02","12:22","12",8
"1292",2023-01-02 01:29:19,"2023-01-02","2023","January","02","01:29","01",8
"1293",2023-01-01 23:09:34,"2023-01-01","2023","January","01","23:09","23",10
"1294",2023-01-01 23:05:38,"2023-01-01","2023","January","01","23:05","23",10
"1295",2023-01-01 17:49:40,"2023-01-01","2023","January","01","17:49","17",10
"1296",2023-01-01 17:00:26,"2023-01-01","2023","January","01","17:00","17",10
"1297",2023-01-01 12:04:36,"2023-01-01","2023","January","01","12:04","12",10
"1298",2023-01-01 11:08:31,"2023-01-01","2023","January","01","11:08","11",10
"1299",2023-01-01 10:35:29,"2023-01-01","2023","January","01","10:35","10",10
"1300",2023-01-01 08:32:36,"2023-01-01","2023","January","01","08:32","08",10
"1301",2023-01-01 07:32:45,"2023-01-01","2023","January","01","07:32","07",10
"1302",2023-01-01 05:24:55,"2023-01-01","2023","January","01","05:24","05",10
